[
  {
    "id": "48e98efd-d6a8-4a7d-9cfb-26410828103f",
    "data": [
      {
        "text": "What can I do in this bot?",
        "userDefined": false
      }
    ],
    "isTemplate": false,
    "count": 0,
    "updated": 1512517978
  },
  {
    "id": "bc99f7e5-c352-46da-a5df-e110bf710ccb",
    "data": [
      {
        "text": "help",
        "userDefined": false
      }
    ],
    "isTemplate": false,
    "count": 0
  },
  {
    "id": "3f294843-58cf-4955-989b-8ca7f075c88b",
    "data": [
      {
        "text": "📑 Help",
        "userDefined": false
      }
    ],
    "isTemplate": false,
    "count": 0
  },
  {
    "id": "d580d781-06b2-4444-9af7-2ff1d0f754a0",
    "data": [
      {
        "text": "tell me what I can do",
        "userDefined": false
      }
    ],
    "isTemplate": false,
    "count": 0
  },
  {
    "id": "476e5c0f-d9ef-4fd2-aec8-38da95fffdd8",
    "data": [
      {
        "text": "what commands does vote goat understand?",
        "userDefined": false
      }
    ],
    "isTemplate": false,
    "count": 0
  },
  {
    "id": "c3b1eba6-6405-46b7-8e3d-4aebe3aaf317",
    "data": [
      {
        "text": "what does vote goat want me to say next?",
        "userDefined": false
      }
    ],
    "isTemplate": false,
    "count": 0
  },
  {
    "id": "d3209383-87ce-4728-8bb4-399d94a00229",
    "data": [
      {
        "text": "I don\u0027t know",
        "meta": "@sys.ignore",
        "userDefined": false
      },
      {
        "text": " what to do",
        "userDefined": false
      }
    ],
    "isTemplate": false,
    "count": 0
  },
  {
    "id": "1e28018b-4df7-4a94-a396-05c93b3d4718",
    "data": [
      {
        "text": "What should I do next?",
        "userDefined": false
      }
    ],
    "isTemplate": false,
    "count": 0,
    "updated": 1512517978
  },
  {
    "id": "9a7f6d44-b5e1-44d4-97d9-d1871cfe2bcb",
    "data": [
      {
        "text": "help ",
        "userDefined": false
      },
      {
        "text": "I don\u0027t know",
        "meta": "@sys.ignore",
        "userDefined": false
      },
      {
        "text": " what to do",
        "userDefined": false
      }
    ],
    "isTemplate": false,
    "count": 0
  },
  {
    "id": "5f254091-344f-4c26-aa56-bd76637239fd",
    "data": [
      {
        "text": "What can I do in this app?",
        "userDefined": false
      }
    ],
    "isTemplate": false,
    "count": 0,
    "updated": 1512517978
  },
  {
    "id": "27cf3a6a-9c16-4fd6-a7d7-dfcd9b2911ef",
    "data": [
      {
        "text": "can you tell me what I can do next?",
        "userDefined": false
      }
    ],
    "isTemplate": false,
    "count": 0
  },
  {
    "id": "67d72f70-08d4-49bb-bc46-405e9954b2a0",
    "data": [
      {
        "text": "What functionality is there?",
        "userDefined": false
      }
    ],
    "isTemplate": false,
    "count": 0,
    "updated": 1512517978
  },
  {
    "id": "e31f6694-dbb0-43b9-8013-c51e4e7f2505",
    "data": [
      {
        "text": "what should I say to vote goat?",
        "userDefined": false
      }
    ],
    "isTemplate": false,
    "count": 0
  },
  {
    "id": "411e74c9-2f75-413f-8d99-7475e28e4843",
    "data": [
      {
        "text": "what can vote goat do?",
        "userDefined": false
      }
    ],
    "isTemplate": false,
    "count": 0
  },
  {
    "id": "309ba7b3-d093-402c-83ed-b1d1564371ac",
    "data": [
      {
        "text": "learn how to use vote goat",
        "userDefined": false
      }
    ],
    "isTemplate": false,
    "count": 0
  },
  {
    "id": "64f358d7-1801-4860-b68a-4522dfa2f02c",
    "data": [
      {
        "text": "what can I do?",
        "userDefined": false
      }
    ],
    "isTemplate": false,
    "count": 0
  },
  {
    "id": "a25ee76a-4944-4897-9530-4c685c31296a",
    "data": [
      {
        "text": "What can I do next?",
        "userDefined": false
      }
    ],
    "isTemplate": false,
    "count": 0,
    "updated": 1512517978
  }
]