[
  {
    "id": "567291a8-fd33-446c-944c-6eb3dac32dd8",
    "data": [
      {
        "text": "how many movies have I voted on?",
        "userDefined": false
      }
    ],
    "isTemplate": false,
    "count": 0
  },
  {
    "id": "3959e0c6-d0c5-487a-b132-d07e11cd3fab",
    "data": [
      {
        "text": "what do I get for voting on movies",
        "userDefined": false
      }
    ],
    "isTemplate": false,
    "count": 0
  },
  {
    "id": "723f4407-c82d-41b4-9bb7-154f3d74fb63",
    "data": [
      {
        "text": "show my leaderboard stats",
        "userDefined": false
      }
    ],
    "isTemplate": false,
    "count": 0
  },
  {
    "id": "98ae3e3b-196f-43ed-8eed-1ece76c0d880",
    "data": [
      {
        "text": "Have I ",
        "userDefined": false
      },
      {
        "text": "upvoted",
        "alias": "voting",
        "meta": "@voting",
        "userDefined": false
      },
      {
        "text": " more than I have ",
        "userDefined": false
      },
      {
        "text": "downvoted",
        "alias": "voting",
        "meta": "@voting",
        "userDefined": false
      },
      {
        "text": "?",
        "userDefined": false
      }
    ],
    "isTemplate": false,
    "count": 0
  },
  {
    "id": "bd79ca33-3ee9-4058-a7be-b4e8d5f409e4",
    "data": [
      {
        "text": "show me how many movies that I\u0027ve ranked",
        "userDefined": false
      }
    ],
    "isTemplate": false,
    "count": 0
  },
  {
    "id": "5131bbae-6e53-4e2e-9334-0ce3dead346a",
    "data": [
      {
        "text": "show me my stats",
        "userDefined": false
      }
    ],
    "isTemplate": false,
    "count": 0
  },
  {
    "id": "e2834aae-2a5d-42ea-bb7b-ac3964a079f0",
    "data": [
      {
        "text": "what is my leaderboard ranking",
        "userDefined": false
      }
    ],
    "isTemplate": false,
    "count": 0
  },
  {
    "id": "9b291087-de0a-4dbc-a485-f66aa86b125e",
    "data": [
      {
        "text": "how do my stats compare to others?",
        "userDefined": false
      }
    ],
    "isTemplate": false,
    "count": 0
  },
  {
    "id": "66552128-712a-4062-8703-8cadcd24682e",
    "data": [
      {
        "text": "Have I ",
        "userDefined": false
      },
      {
        "text": "downvoted",
        "alias": "voting",
        "meta": "@voting",
        "userDefined": false
      },
      {
        "text": " more than I have ",
        "userDefined": false
      },
      {
        "text": "upvoted",
        "alias": "voting",
        "meta": "@voting",
        "userDefined": false
      },
      {
        "text": "?",
        "userDefined": false
      }
    ],
    "isTemplate": false,
    "count": 0
  },
  {
    "id": "6690fd80-2b3b-49ce-b047-86aac582dd25",
    "data": [
      {
        "text": "🏆 Show Stats",
        "userDefined": false
      }
    ],
    "isTemplate": false,
    "count": 1
  },
  {
    "id": "44092c1e-e099-4a6f-9d71-eb5ac0a2665b",
    "data": [
      {
        "text": "how do I compare to other users?",
        "userDefined": false
      }
    ],
    "isTemplate": false,
    "count": 0
  },
  {
    "id": "4af83ec8-e37a-4885-a2ea-f3b963c98c88",
    "data": [
      {
        "text": "Am I winning yet?",
        "userDefined": false
      }
    ],
    "isTemplate": false,
    "count": 0
  },
  {
    "id": "e668fcfb-d9c2-46dd-bcf4-b1b3f6d31cfc",
    "data": [
      {
        "text": "what are my stats?",
        "userDefined": false
      }
    ],
    "isTemplate": false,
    "count": 0
  },
  {
    "id": "6a749e5d-d88d-47e2-86ae-c3cf18e7451e",
    "data": [
      {
        "text": "how many movies have I ranked?",
        "userDefined": false
      }
    ],
    "isTemplate": false,
    "count": 0
  },
  {
    "id": "2b9866a6-9af1-4e1c-a852-63923033dd6c",
    "data": [
      {
        "text": "how many movies have I ",
        "userDefined": false
      },
      {
        "text": "downvoted",
        "alias": "voting",
        "meta": "@voting",
        "userDefined": false
      },
      {
        "text": "?",
        "userDefined": false
      }
    ],
    "isTemplate": false,
    "count": 0
  },
  {
    "id": "1c9cc247-1825-4e62-8429-e35ff3852a31",
    "data": [
      {
        "text": "show my statistics",
        "userDefined": false
      }
    ],
    "isTemplate": false,
    "count": 0
  },
  {
    "id": "92156c8e-18b0-49a4-aa83-06bcf6b77354",
    "data": [
      {
        "text": "what are my achievements",
        "userDefined": false
      }
    ],
    "isTemplate": false,
    "count": 0
  },
  {
    "id": "9218fbe8-52df-4ce5-a97e-2439461b7010",
    "data": [
      {
        "text": "what have I achieved",
        "userDefined": false
      }
    ],
    "isTemplate": false,
    "count": 0
  },
  {
    "id": "b21e2c59-97f3-4a99-8368-86100b61aff8",
    "data": [
      {
        "text": "how many movies have I ",
        "userDefined": false
      },
      {
        "text": "upvoted",
        "alias": "voting",
        "meta": "@voting",
        "userDefined": false
      },
      {
        "text": "?",
        "userDefined": false
      }
    ],
    "isTemplate": false,
    "count": 0
  },
  {
    "id": "9c912a86-057c-4eea-a49e-0bc2adc4b8fe",
    "data": [
      {
        "text": "what do I get for ranking",
        "userDefined": false
      }
    ],
    "isTemplate": false,
    "count": 0
  }
]