[
  {
    "id": "ced8f1af-c7e2-4ad8-8181-10d422e8e58b",
    "data": [
      {
        "text": "tell me about the demo",
        "userDefined": false
      }
    ],
    "isTemplate": false,
    "count": 0,
    "updated": 1530753326
  },
  {
    "id": "1336c212-749f-4bc9-82bb-354056967302",
    "data": [
      {
        "text": "sigir ",
        "userDefined": false
      },
      {
        "text": "2018",
        "alias": "number",
        "meta": "@sys.number",
        "userDefined": false
      },
      {
        "text": " overview",
        "userDefined": false
      }
    ],
    "isTemplate": false,
    "count": 0,
    "updated": 1530753326
  },
  {
    "id": "1ac8efec-43b8-469c-9c32-13f44ebc8ebb",
    "data": [
      {
        "text": "explore sigir ",
        "userDefined": false
      },
      {
        "text": "2018",
        "alias": "number",
        "meta": "@sys.number",
        "userDefined": false
      },
      {
        "text": " functionality",
        "userDefined": false
      }
    ],
    "isTemplate": false,
    "count": 0,
    "updated": 1530753326
  },
  {
    "id": "b6278539-a23d-4e48-bd14-6249c3124efb",
    "data": [
      {
        "text": "trigger sigir demo",
        "userDefined": false
      }
    ],
    "isTemplate": false,
    "count": 0,
    "updated": 1530753326
  },
  {
    "id": "da14eb7b-21b3-4c89-ba05-60c2a0a95b0a",
    "data": [
      {
        "text": "trigger sigir function",
        "userDefined": false
      }
    ],
    "isTemplate": false,
    "count": 0,
    "updated": 1530753326
  },
  {
    "id": "1aac494a-4f8a-4a4c-905c-206a84a1535d",
    "data": [
      {
        "text": "demonstrate sigir functionality",
        "userDefined": false
      }
    ],
    "isTemplate": false,
    "count": 0,
    "updated": 1530753326
  },
  {
    "id": "6064390d-fcbf-4f3d-bfef-bb58c53a2f8c",
    "data": [
      {
        "text": "explain the vote goat poster demo",
        "userDefined": false
      }
    ],
    "isTemplate": false,
    "count": 0,
    "updated": 1530753326
  },
  {
    "id": "cf5e6e2e-c631-498d-9dcb-7e461895cd05",
    "data": [
      {
        "text": "information",
        "alias": "movieGenre",
        "meta": "@movieGenre",
        "userDefined": false
      },
      {
        "text": " about sigir ",
        "userDefined": false
      },
      {
        "text": "2018",
        "alias": "number",
        "meta": "@sys.number",
        "userDefined": false
      },
      {
        "text": " demonstration",
        "userDefined": false
      }
    ],
    "isTemplate": false,
    "count": 0,
    "updated": 1530753326
  },
  {
    "id": "ebdf00aa-3605-4fdb-bd59-7355565b862d",
    "data": [
      {
        "text": "poster demonstration",
        "userDefined": false
      }
    ],
    "isTemplate": false,
    "count": 0,
    "updated": 1530753326
  },
  {
    "id": "d69f9739-28cf-4830-b586-b213957b621e",
    "data": [
      {
        "text": "SIGIR ",
        "userDefined": false
      },
      {
        "text": "2018",
        "alias": "number",
        "meta": "@sys.number",
        "userDefined": false
      },
      {
        "text": " demo",
        "userDefined": false
      }
    ],
    "isTemplate": false,
    "count": 0,
    "updated": 1530753326
  },
  {
    "id": "396b81da-7c16-4df2-90bd-7293e5788c8a",
    "data": [
      {
        "text": "seg eye are demo",
        "userDefined": false
      }
    ],
    "isTemplate": false,
    "count": 0,
    "updated": 1530753326
  },
  {
    "id": "6d54d60d-d7a8-459b-a1f2-5e026fe935be",
    "data": [
      {
        "text": "💾 SIGIR demo",
        "userDefined": false
      }
    ],
    "isTemplate": false,
    "count": 0,
    "updated": 1530753326
  },
  {
    "id": "fdec3214-d090-484e-97b5-5ba309af1883",
    "data": [
      {
        "text": "sig ir conference demonstration",
        "userDefined": false
      }
    ],
    "isTemplate": false,
    "count": 0,
    "updated": 1530753326
  },
  {
    "id": "7047f670-9b30-48be-8bd5-753672a8facd",
    "data": [
      {
        "text": "demo for sig ir",
        "userDefined": false
      }
    ],
    "isTemplate": false,
    "count": 0,
    "updated": 1530753326
  },
  {
    "id": "0c48de53-d445-4e1a-9e61-097151166add",
    "data": [
      {
        "text": "sig ir demo",
        "userDefined": false
      }
    ],
    "isTemplate": false,
    "count": 0,
    "updated": 1530753326
  },
  {
    "id": "a354d637-8e18-48b9-ab2e-aa4f526cfed5",
    "data": [
      {
        "text": "sigir demo",
        "userDefined": false
      }
    ],
    "isTemplate": false,
    "count": 0,
    "updated": 1530753326
  },
  {
    "id": "e8cd5207-b6b5-48f6-9b7a-44b55ddaa4c1",
    "data": [
      {
        "text": "sigir2018",
        "userDefined": false
      }
    ],
    "isTemplate": false,
    "count": 0,
    "updated": 1530753326
  }
]