[
  {
    "id": "877d57a6-f53f-47c5-9574-15fbf7297e27",
    "data": [
      {
        "text": "nah",
        "alias": "voting",
        "meta": "@voting",
        "userDefined": false
      }
    ],
    "isTemplate": false,
    "count": 0,
    "updated": 1530752091
  },
  {
    "id": "f11cd247-7dda-4f70-9392-a35d901b1235",
    "data": [
      {
        "text": "why not",
        "alias": "voting",
        "meta": "@voting",
        "userDefined": true
      },
      {
        "text": "? it looks ",
        "userDefined": false
      },
      {
        "text": "alright",
        "alias": "voting",
        "meta": "@voting",
        "userDefined": true
      }
    ],
    "isTemplate": false,
    "count": 0,
    "updated": 1530752091
  },
  {
    "id": "c45863fa-e27b-4956-b358-441841d54794",
    "data": [
      {
        "text": "downvote",
        "alias": "voting",
        "meta": "@voting",
        "userDefined": true
      },
      {
        "text": " this movie",
        "userDefined": false
      }
    ],
    "isTemplate": false,
    "count": 0,
    "updated": 1530754184
  },
  {
    "id": "8a096d06-76c5-4ae4-8af6-f29fe75f8077",
    "data": [
      {
        "text": "Yes",
        "alias": "voting",
        "meta": "@voting",
        "userDefined": false
      },
      {
        "text": ", ",
        "userDefined": false
      },
      {
        "text": "I would watch",
        "alias": "voting",
        "meta": "@voting",
        "userDefined": true
      },
      {
        "text": " Shrek",
        "userDefined": false
      }
    ],
    "isTemplate": false,
    "count": 0,
    "updated": 1530754184
  },
  {
    "id": "5124faf5-9fe5-4d38-9760-f4270222a528",
    "data": [
      {
        "text": "I\u0027m ",
        "userDefined": false
      },
      {
        "text": "uninterested",
        "alias": "voting",
        "meta": "@voting",
        "userDefined": true
      }
    ],
    "isTemplate": false,
    "count": 0,
    "updated": 1530754184
  },
  {
    "id": "11a6f8ff-f5a2-4713-883f-99ca655c2120",
    "data": [
      {
        "text": "nah",
        "alias": "voting",
        "meta": "@voting",
        "userDefined": false
      },
      {
        "text": " man, that\u0027s an ",
        "userDefined": false
      },
      {
        "text": "awful",
        "alias": "voting",
        "meta": "@voting",
        "userDefined": true
      },
      {
        "text": " movie",
        "userDefined": false
      }
    ],
    "isTemplate": false,
    "count": 0,
    "updated": 1530754184
  },
  {
    "id": "30b2dfbe-ffe8-4000-9417-eaa3f4ea2fd5",
    "data": [
      {
        "text": "no",
        "alias": "voting",
        "meta": "@voting",
        "userDefined": true
      }
    ],
    "isTemplate": false,
    "count": 0,
    "updated": 1530752091
  },
  {
    "id": "13d5a53f-b097-4ab5-8917-b4883e5ed4a6",
    "data": [
      {
        "text": "nah",
        "alias": "voting",
        "meta": "@voting",
        "userDefined": false
      },
      {
        "text": " man, that\u0027s a ",
        "userDefined": false
      },
      {
        "text": "garbage",
        "alias": "voting",
        "meta": "@voting",
        "userDefined": false
      },
      {
        "text": " movie",
        "userDefined": false
      }
    ],
    "isTemplate": false,
    "count": 0,
    "updated": 1530754184
  },
  {
    "id": "2ec1de10-1688-42ae-8b5e-9f7229e8a4e2",
    "data": [
      {
        "text": "I\u0027d ",
        "userDefined": false
      },
      {
        "text": "maybe",
        "alias": "voting",
        "meta": "@voting",
        "userDefined": true
      },
      {
        "text": " watch this movie",
        "userDefined": false
      }
    ],
    "isTemplate": false,
    "count": 0,
    "updated": 1530754184
  },
  {
    "id": "88be1ac1-2f89-441d-87e0-5d352c295235",
    "data": [
      {
        "text": "I ",
        "userDefined": false
      },
      {
        "text": "like",
        "alias": "voting",
        "meta": "@voting",
        "userDefined": true
      },
      {
        "text": " this movie",
        "userDefined": false
      }
    ],
    "isTemplate": false,
    "count": 0,
    "updated": 1530752091
  },
  {
    "id": "b5a26317-b095-476f-8918-88b69ad15580",
    "data": [
      {
        "text": "Yes",
        "alias": "voting",
        "meta": "@voting",
        "userDefined": false
      },
      {
        "text": ", ",
        "userDefined": false
      },
      {
        "text": "I would watch",
        "alias": "voting",
        "meta": "@voting",
        "userDefined": true
      },
      {
        "text": " Die Hard",
        "userDefined": false
      }
    ],
    "isTemplate": false,
    "count": 0,
    "updated": 1530752091
  },
  {
    "id": "bdacb5f6-c872-4124-a474-98d62b4583ad",
    "data": [
      {
        "text": "ya",
        "alias": "voting",
        "meta": "@voting",
        "userDefined": false
      },
      {
        "text": ", I\u0027d consider watching",
        "userDefined": false
      }
    ],
    "isTemplate": false,
    "count": 0,
    "updated": 1530752091
  },
  {
    "id": "993a7102-7d11-4878-ba21-5180ce85ab9e",
    "data": [
      {
        "text": "No",
        "alias": "voting",
        "meta": "@voting",
        "userDefined": true
      },
      {
        "text": ", I ",
        "userDefined": false
      },
      {
        "text": "wouldn\u0027t",
        "alias": "voting",
        "meta": "@voting",
        "userDefined": true
      },
      {
        "text": " watch Finding Nemo",
        "userDefined": false
      }
    ],
    "isTemplate": false,
    "count": 0,
    "updated": 1530752091
  },
  {
    "id": "2f03aed5-a1e6-4347-b795-bab011ee3c6b",
    "data": [
      {
        "text": "that\u0027s a load of ",
        "userDefined": false
      },
      {
        "text": "crap",
        "alias": "voting",
        "meta": "@voting",
        "userDefined": false
      }
    ],
    "isTemplate": false,
    "count": 0,
    "updated": 1530752091
  },
  {
    "id": "ab4c1d7d-33b7-4e3f-8640-ba857c2c80e5",
    "data": [
      {
        "text": "👍",
        "alias": "voting",
        "meta": "@voting",
        "userDefined": true
      }
    ],
    "isTemplate": false,
    "count": 0,
    "updated": 1530752091
  },
  {
    "id": "b1208174-30ae-4da7-a325-8922114332a9",
    "data": [
      {
        "text": "maybe",
        "alias": "voting",
        "meta": "@voting",
        "userDefined": true
      }
    ],
    "isTemplate": false,
    "count": 0,
    "updated": 1530752091
  },
  {
    "id": "8df14a14-eabe-4f40-8cee-29b967ff74b4",
    "data": [
      {
        "text": "upvote",
        "alias": "voting",
        "meta": "@voting",
        "userDefined": false
      }
    ],
    "isTemplate": false,
    "count": 0,
    "updated": 1530752091
  },
  {
    "id": "251154fa-ef9e-456a-a165-6d9b30401daf",
    "data": [
      {
        "text": "I ",
        "userDefined": false
      },
      {
        "text": "don\u0027t like",
        "alias": "voting",
        "meta": "@voting",
        "userDefined": true
      },
      {
        "text": " this movie",
        "userDefined": false
      }
    ],
    "isTemplate": false,
    "count": 0,
    "updated": 1530752091
  },
  {
    "id": "25c06d0a-e8b9-459a-bbd2-d97eddcc4650",
    "data": [
      {
        "text": "certainly",
        "alias": "voting",
        "meta": "@voting",
        "userDefined": true
      },
      {
        "text": ", it\u0027s a ",
        "userDefined": false
      },
      {
        "text": "good",
        "alias": "voting",
        "meta": "@voting",
        "userDefined": true
      },
      {
        "text": " movie",
        "userDefined": false
      }
    ],
    "isTemplate": false,
    "count": 0,
    "updated": 1530752091
  },
  {
    "id": "d362235c-c791-4426-a703-575fdb10a18e",
    "data": [
      {
        "text": "I\u0027d watch",
        "alias": "voting",
        "meta": "@voting",
        "userDefined": false
      },
      {
        "text": " it!",
        "userDefined": false
      }
    ],
    "isTemplate": false,
    "count": 0,
    "updated": 1530752091
  },
  {
    "id": "38e1620f-8c2b-4e8c-adef-377709309794",
    "data": [
      {
        "text": "amen",
        "alias": "voting",
        "meta": "@voting",
        "userDefined": true
      },
      {
        "text": " brother, this is an ",
        "userDefined": false
      },
      {
        "text": "excellent",
        "alias": "voting",
        "meta": "@voting",
        "userDefined": true
      },
      {
        "text": " movie!",
        "userDefined": false
      }
    ],
    "isTemplate": false,
    "count": 0,
    "updated": 1530752091
  },
  {
    "id": "670a2fea-6f5c-4dbf-8a59-a5a7adf73dea",
    "data": [
      {
        "text": "That\u0027s a ",
        "userDefined": false
      },
      {
        "text": "shit",
        "alias": "voting",
        "meta": "@voting",
        "userDefined": false
      },
      {
        "text": " movie",
        "userDefined": false
      }
    ],
    "isTemplate": false,
    "count": 0,
    "updated": 1530752091
  },
  {
    "id": "a24725b8-cc0e-4871-82ac-f5664d67c101",
    "data": [
      {
        "text": "hell ",
        "userDefined": false
      },
      {
        "text": "yeah",
        "alias": "voting",
        "meta": "@voting",
        "userDefined": false
      },
      {
        "text": ", I\u0027ll watch that movie for ",
        "userDefined": false
      },
      {
        "text": "sure",
        "alias": "voting",
        "meta": "@voting",
        "userDefined": false
      }
    ],
    "isTemplate": false,
    "count": 0,
    "updated": 1530752091
  },
  {
    "id": "9c89375d-c51f-4cce-9d45-26f6d843df48",
    "data": [
      {
        "text": "nay",
        "alias": "voting",
        "meta": "@voting",
        "userDefined": true
      },
      {
        "text": ", it\u0027s a ",
        "userDefined": false
      },
      {
        "text": "terrible",
        "alias": "voting",
        "meta": "@voting",
        "userDefined": true
      },
      {
        "text": " film",
        "userDefined": false
      }
    ],
    "isTemplate": false,
    "count": 0,
    "updated": 1530752091
  },
  {
    "id": "2958dff6-d4dd-4e30-95a5-4e475f994e4c",
    "data": [
      {
        "text": "nah",
        "alias": "voting",
        "meta": "@voting",
        "userDefined": true
      },
      {
        "text": ", ",
        "userDefined": false
      },
      {
        "text": "I\u0027d never",
        "alias": "voting",
        "meta": "@voting",
        "userDefined": true
      },
      {
        "text": " consider watching",
        "userDefined": false
      }
    ],
    "isTemplate": false,
    "count": 0,
    "updated": 1530752091
  },
  {
    "id": "9aca6c11-67f4-445e-a377-9c33c92997b5",
    "data": [
      {
        "text": "yes",
        "alias": "voting",
        "meta": "@voting",
        "userDefined": false
      }
    ],
    "isTemplate": false,
    "count": 0,
    "updated": 1530752091
  },
  {
    "id": "cd9e70d4-3bf2-454d-a261-33263e46e506",
    "data": [
      {
        "text": "no thanks, I\u0027m not interested",
        "userDefined": false
      }
    ],
    "isTemplate": false,
    "count": 0,
    "updated": 1530752091
  },
  {
    "id": "9759e47c-1990-4b1c-9c3e-e7217d673e95",
    "data": [
      {
        "text": "Pigs will fly",
        "alias": "voting",
        "meta": "@voting",
        "userDefined": true
      },
      {
        "text": " before I watch this movie",
        "userDefined": false
      }
    ],
    "isTemplate": false,
    "count": 0,
    "updated": 1530752091
  },
  {
    "id": "b3887218-c3a6-430e-8680-d4438a00d0e3",
    "data": [
      {
        "text": "Are you ",
        "userDefined": false
      },
      {
        "text": "joking",
        "alias": "voting",
        "meta": "@voting",
        "userDefined": true
      },
      {
        "text": "?",
        "userDefined": false
      }
    ],
    "isTemplate": false,
    "count": 0,
    "updated": 1530752091
  },
  {
    "id": "91091865-d9b0-47cf-a0a6-7cf3d17df136",
    "data": [
      {
        "text": "yes ",
        "userDefined": false
      },
      {
        "text": "I would",
        "alias": "voting",
        "meta": "@voting",
        "userDefined": true
      },
      {
        "text": " watch",
        "userDefined": false
      }
    ],
    "isTemplate": false,
    "count": 0,
    "updated": 1530752091
  },
  {
    "id": "388021ed-3f99-4bc8-a2f6-444baf374754",
    "data": [
      {
        "text": "It looks ",
        "userDefined": false
      },
      {
        "text": "like",
        "alias": "voting",
        "meta": "@voting",
        "userDefined": false
      },
      {
        "text": " a ",
        "userDefined": false
      },
      {
        "text": "terrible",
        "alias": "voting",
        "meta": "@voting",
        "userDefined": true
      },
      {
        "text": " movie",
        "userDefined": false
      }
    ],
    "isTemplate": false,
    "count": 0,
    "updated": 1530752091
  },
  {
    "id": "e236c155-e5ec-42c9-a741-acdaba186f09",
    "data": [
      {
        "text": "I ",
        "userDefined": false
      },
      {
        "text": "hate",
        "alias": "voting",
        "meta": "@voting",
        "userDefined": true
      },
      {
        "text": " movies like this",
        "userDefined": false
      }
    ],
    "isTemplate": false,
    "count": 0,
    "updated": 1530752091
  },
  {
    "id": "ea7abc67-9fa7-4a20-a1a2-7b6325465cc7",
    "data": [
      {
        "text": "👎",
        "alias": "voting",
        "meta": "@voting",
        "userDefined": true
      }
    ],
    "isTemplate": false,
    "count": 0,
    "updated": 1530752091
  },
  {
    "id": "d258fa67-eaa1-41b1-b90e-6b468f102d6c",
    "data": [
      {
        "text": "this movie deserves a ",
        "userDefined": false
      },
      {
        "text": "downvote",
        "alias": "voting",
        "meta": "@voting",
        "userDefined": true
      }
    ],
    "isTemplate": false,
    "count": 0,
    "updated": 1530752091
  },
  {
    "id": "02afcd6a-459d-4bf3-9957-74b08e53eb48",
    "data": [
      {
        "text": "downvote",
        "alias": "voting",
        "meta": "@voting",
        "userDefined": false
      }
    ],
    "isTemplate": false,
    "count": 1,
    "updated": 1530752091
  },
  {
    "id": "328ba739-e6c4-403b-b00b-99b52c8b66e3",
    "data": [
      {
        "text": "never",
        "alias": "voting",
        "meta": "@voting",
        "userDefined": true
      },
      {
        "text": " show me this movie again",
        "userDefined": false
      }
    ],
    "isTemplate": false,
    "count": 0,
    "updated": 1530752091
  },
  {
    "id": "e86d71ba-d8f0-4b00-9199-fe7679781ab5",
    "data": [
      {
        "text": "no",
        "alias": "voting",
        "meta": "@voting",
        "userDefined": true
      },
      {
        "text": ", I ",
        "userDefined": false
      },
      {
        "text": "wouldn\u0027t",
        "alias": "voting",
        "meta": "@voting",
        "userDefined": false
      }
    ],
    "isTemplate": false,
    "count": 0,
    "updated": 1530752091
  },
  {
    "id": "523cc9a3-058b-4991-bcfc-64450145f2aa",
    "data": [
      {
        "text": "never",
        "alias": "voting",
        "meta": "@voting",
        "userDefined": false
      },
      {
        "text": " in a million years ",
        "userDefined": false
      },
      {
        "text": "would",
        "alias": "voting",
        "meta": "@voting",
        "userDefined": false
      },
      {
        "text": " I ever watch that movie",
        "userDefined": false
      }
    ],
    "isTemplate": false,
    "count": 0,
    "updated": 1530752091
  },
  {
    "id": "c1cae6f8-1227-468b-a03a-86490de2631f",
    "data": [
      {
        "text": "no thanks",
        "userDefined": false
      }
    ],
    "isTemplate": false,
    "count": 0,
    "updated": 1530752091
  },
  {
    "id": "c2324bce-9d8d-4bef-9e5c-26166129a9b7",
    "data": [
      {
        "text": "No",
        "alias": "voting",
        "meta": "@voting",
        "userDefined": true
      },
      {
        "text": ", I ",
        "userDefined": false
      },
      {
        "text": "don\u0027t",
        "alias": "voting",
        "meta": "@voting",
        "userDefined": true
      },
      {
        "text": " want to watch Oceans Eleven",
        "userDefined": false
      }
    ],
    "isTemplate": false,
    "count": 0,
    "updated": 1530752091
  },
  {
    "id": "36ec3ea6-fbec-4e22-b0bb-4f8dfc27cb5d",
    "data": [
      {
        "text": "I ",
        "userDefined": false
      },
      {
        "text": "love",
        "alias": "voting",
        "meta": "@voting",
        "userDefined": false
      },
      {
        "text": " that film",
        "userDefined": false
      }
    ],
    "isTemplate": false,
    "count": 0,
    "updated": 1530752091
  },
  {
    "id": "98ca06b5-1068-478e-9238-6bb12f08630f",
    "data": [
      {
        "text": "I\u0027m ",
        "userDefined": false
      },
      {
        "text": "not interested",
        "alias": "voting",
        "meta": "@voting",
        "userDefined": true
      },
      {
        "text": " in this movie",
        "userDefined": false
      }
    ],
    "isTemplate": false,
    "count": 0,
    "updated": 1530752091
  },
  {
    "id": "d5accd91-0448-4fff-b901-e9137afd9fdb",
    "data": [
      {
        "text": "I ",
        "userDefined": false
      },
      {
        "text": "wouldn\u0027t like",
        "alias": "voting",
        "meta": "@voting",
        "userDefined": true
      },
      {
        "text": " this movie",
        "userDefined": false
      }
    ],
    "isTemplate": false,
    "count": 0,
    "updated": 1530752091
  },
  {
    "id": "44361561-62c2-4103-9226-b8505f7ed878",
    "data": [
      {
        "text": "hell ",
        "userDefined": false
      },
      {
        "text": "no",
        "alias": "voting",
        "meta": "@voting",
        "userDefined": true
      },
      {
        "text": ", I would ",
        "userDefined": false
      },
      {
        "text": "never",
        "alias": "voting",
        "meta": "@voting",
        "userDefined": true
      },
      {
        "text": " watch a movie like this",
        "userDefined": false
      }
    ],
    "isTemplate": false,
    "count": 0,
    "updated": 1530752091
  },
  {
    "id": "2e4c4a03-2b39-44f9-af61-eadeb85d5d91",
    "data": [
      {
        "text": "I\u0027d ",
        "userDefined": false
      },
      {
        "text": "never",
        "alias": "voting",
        "meta": "@voting",
        "userDefined": true
      },
      {
        "text": " watch this movie",
        "userDefined": false
      }
    ],
    "isTemplate": false,
    "count": 0,
    "updated": 1530752091
  },
  {
    "id": "442440fd-eb99-4dfd-8b95-85750097d997",
    "data": [
      {
        "text": "yes",
        "alias": "voting",
        "meta": "@voting",
        "userDefined": true
      },
      {
        "text": ", ",
        "userDefined": false
      },
      {
        "text": "I like",
        "alias": "voting",
        "meta": "@voting",
        "userDefined": true
      },
      {
        "text": " this movie",
        "userDefined": false
      }
    ],
    "isTemplate": false,
    "count": 0,
    "updated": 1530752091
  },
  {
    "id": "2678f254-96be-4ad6-a097-ef998860068e",
    "data": [
      {
        "text": "I\u0027d ",
        "userDefined": false
      },
      {
        "text": "love",
        "alias": "voting",
        "meta": "@voting",
        "userDefined": false
      },
      {
        "text": " to watch this film",
        "userDefined": false
      }
    ],
    "isTemplate": false,
    "count": 0,
    "updated": 1530752091
  },
  {
    "id": "e4de2e85-64e6-402a-853d-af6014d22c60",
    "data": [
      {
        "text": "Yeah",
        "alias": "voting",
        "meta": "@voting",
        "userDefined": false
      },
      {
        "text": ", ",
        "userDefined": false
      },
      {
        "text": "I\u0027d watch",
        "alias": "voting",
        "meta": "@voting",
        "userDefined": true
      },
      {
        "text": " Finding Nemo",
        "userDefined": false
      }
    ],
    "isTemplate": false,
    "count": 1,
    "updated": 1530752091
  },
  {
    "id": "d425a2c4-a749-42cf-aadc-a557647913b4",
    "data": [
      {
        "text": "I\u0027m interested",
        "alias": "voting",
        "meta": "@voting",
        "userDefined": false
      },
      {
        "text": " in watching this movie",
        "userDefined": false
      }
    ],
    "isTemplate": false,
    "count": 0,
    "updated": 1530752091
  },
  {
    "id": "f531e24d-2be0-47a1-9a52-9a8a2fa72077",
    "data": [
      {
        "text": "perhaps",
        "alias": "voting",
        "meta": "@voting",
        "userDefined": true
      },
      {
        "text": ", it sounds ",
        "userDefined": false
      },
      {
        "text": "alright",
        "alias": "voting",
        "meta": "@voting",
        "userDefined": true
      }
    ],
    "isTemplate": false,
    "count": 0,
    "updated": 1530752091
  },
  {
    "id": "7226492f-ea71-45ed-87e2-9f6be0bf05ed",
    "data": [
      {
        "text": "of ",
        "userDefined": false
      },
      {
        "text": "course",
        "alias": "voting",
        "meta": "@voting",
        "userDefined": true
      },
      {
        "text": ", I\u0027d ",
        "userDefined": false
      },
      {
        "text": "love",
        "alias": "voting",
        "meta": "@voting",
        "userDefined": true
      },
      {
        "text": " to watch this film",
        "userDefined": false
      }
    ],
    "isTemplate": false,
    "count": 0,
    "updated": 1530752091
  },
  {
    "id": "a10234fa-889a-4697-b8c7-ce7035ea794c",
    "data": [
      {
        "text": "I\u0027ll watch this ",
        "userDefined": false
      },
      {
        "text": "when pigs fly",
        "alias": "voting",
        "meta": "@voting",
        "userDefined": true
      }
    ],
    "isTemplate": false,
    "count": 0,
    "updated": 1530752091
  },
  {
    "id": "2a81c979-1b34-47c4-a402-717e1409639d",
    "data": [
      {
        "text": "No",
        "alias": "voting",
        "meta": "@voting",
        "userDefined": true
      },
      {
        "text": " I ",
        "userDefined": false
      },
      {
        "text": "wouldn\u0027t",
        "alias": "voting",
        "meta": "@voting",
        "userDefined": true
      },
      {
        "text": " watch",
        "userDefined": false
      }
    ],
    "isTemplate": false,
    "count": 0,
    "updated": 1530752091
  },
  {
    "id": "e61185f2-a1b8-4aeb-ab11-ecd18b2bb50c",
    "data": [
      {
        "text": "Yes",
        "alias": "voting",
        "meta": "@voting",
        "userDefined": false
      },
      {
        "text": ", ",
        "userDefined": false
      },
      {
        "text": "I would watch",
        "alias": "voting",
        "meta": "@voting",
        "userDefined": true
      },
      {
        "text": " Finding Nemo",
        "userDefined": false
      }
    ],
    "isTemplate": false,
    "count": 0,
    "updated": 1530752091
  },
  {
    "id": "e66aa34b-a931-4785-ad1a-e20caaf99218",
    "data": [
      {
        "text": "that ",
        "userDefined": false
      },
      {
        "text": "garbage",
        "alias": "voting",
        "meta": "@voting",
        "userDefined": false
      },
      {
        "text": " is the ",
        "userDefined": false
      },
      {
        "text": "worst",
        "alias": "voting",
        "meta": "@voting",
        "userDefined": false
      },
      {
        "text": " movie I\u0027ve ever seen",
        "userDefined": false
      }
    ],
    "isTemplate": false,
    "count": 0,
    "updated": 1530752091
  },
  {
    "id": "e059a941-7bd6-447d-bc41-8d22f5f9b287",
    "data": [
      {
        "text": "looks ",
        "userDefined": false
      },
      {
        "text": "like",
        "alias": "voting",
        "meta": "@voting",
        "userDefined": false
      },
      {
        "text": " a ",
        "userDefined": false
      },
      {
        "text": "good",
        "alias": "voting",
        "meta": "@voting",
        "userDefined": false
      },
      {
        "text": " movie",
        "userDefined": false
      }
    ],
    "isTemplate": false,
    "count": 0,
    "updated": 1530752091
  },
  {
    "id": "973b1e4b-376a-4194-aea6-292ce6420773",
    "data": [
      {
        "text": "aye",
        "alias": "voting",
        "meta": "@voting",
        "userDefined": false
      },
      {
        "text": ", I\u0027d watch that",
        "userDefined": false
      }
    ],
    "isTemplate": false,
    "count": 0,
    "updated": 1530752091
  },
  {
    "id": "83500a7d-1da6-48c6-a7a6-8be98642e463",
    "data": [
      {
        "text": "I\u0027d ",
        "userDefined": false
      },
      {
        "text": "gladly",
        "alias": "voting",
        "meta": "@voting",
        "userDefined": true
      },
      {
        "text": " watch this movie",
        "userDefined": false
      }
    ],
    "isTemplate": false,
    "count": 0,
    "updated": 1530752091
  },
  {
    "id": "5ba57905-d847-4c01-8b57-d2026306b1b8",
    "data": [
      {
        "text": "Are you ",
        "userDefined": false
      },
      {
        "text": "having a laugh",
        "alias": "voting",
        "meta": "@voting",
        "userDefined": true
      },
      {
        "text": ", mate?",
        "userDefined": false
      }
    ],
    "isTemplate": false,
    "count": 0,
    "updated": 1530752091
  },
  {
    "id": "3a12ef88-0147-40ca-97c4-ebbbebbac8fe",
    "data": [
      {
        "text": "No",
        "alias": "voting",
        "meta": "@voting",
        "userDefined": true
      },
      {
        "text": ", I ",
        "userDefined": false
      },
      {
        "text": "wouldn\u0027t",
        "alias": "voting",
        "meta": "@voting",
        "userDefined": false
      },
      {
        "text": " watch Die Hard",
        "userDefined": false
      }
    ],
    "isTemplate": false,
    "count": 0,
    "updated": 1530752091
  },
  {
    "id": "9c830d59-8359-4128-94ec-17d30f4e7d1f",
    "data": [
      {
        "text": "never",
        "alias": "voting",
        "meta": "@voting",
        "userDefined": true
      },
      {
        "text": " ",
        "userDefined": false
      },
      {
        "text": "in a million years",
        "alias": "voting",
        "meta": "@voting",
        "userDefined": true
      },
      {
        "text": " would I consider watching this film",
        "userDefined": false
      }
    ],
    "isTemplate": false,
    "count": 0,
    "updated": 1530752091
  },
  {
    "id": "9f62686d-b384-4ac1-be3c-1b5575f4c37f",
    "data": [
      {
        "text": "👇🔻",
        "alias": "voting",
        "meta": "@voting",
        "userDefined": false
      },
      {
        "text": "⤵️📉↘",
        "userDefined": false
      },
      {
        "text": "️😡",
        "alias": "voting",
        "meta": "@voting",
        "userDefined": false
      },
      {
        "text": "😠👿",
        "userDefined": false
      },
      {
        "text": "💢😞",
        "alias": "voting",
        "meta": "@voting",
        "userDefined": false
      },
      {
        "text": "😔😣",
        "alias": "voting",
        "meta": "@voting",
        "userDefined": false
      },
      {
        "text": "😩😢",
        "alias": "voting",
        "meta": "@voting",
        "userDefined": false
      },
      {
        "text": "😭😿",
        "alias": "voting",
        "meta": "@voting",
        "userDefined": false
      },
      {
        "text": "🙅😠",
        "alias": "voting",
        "meta": "@voting",
        "userDefined": false
      },
      {
        "text": "🙁",
        "alias": "voting",
        "meta": "@voting",
        "userDefined": false
      }
    ],
    "isTemplate": false,
    "count": 0,
    "updated": 1530752091
  },
  {
    "id": "59f44f0a-9d86-4618-8b04-6c15118e91d7",
    "data": [
      {
        "text": "😄😍",
        "alias": "voting",
        "meta": "@voting",
        "userDefined": false
      },
      {
        "text": "😀😁",
        "alias": "voting",
        "meta": "@voting",
        "userDefined": false
      },
      {
        "text": "😄😊",
        "alias": "voting",
        "meta": "@voting",
        "userDefined": false
      },
      {
        "text": "🙂🙃",
        "alias": "voting",
        "meta": "@voting",
        "userDefined": false
      },
      {
        "text": "😜😃",
        "alias": "voting",
        "meta": "@voting",
        "userDefined": false
      },
      {
        "text": " ",
        "userDefined": false
      },
      {
        "text": "😏 😸",
        "alias": "voting",
        "meta": "@voting",
        "userDefined": false
      },
      {
        "text": " ",
        "userDefined": false
      },
      {
        "text": "😺 😂",
        "alias": "voting",
        "meta": "@voting",
        "userDefined": false
      },
      {
        "text": " ",
        "userDefined": false
      },
      {
        "text": "😆 😋",
        "alias": "voting",
        "meta": "@voting",
        "userDefined": false
      },
      {
        "text": " ",
        "userDefined": false
      },
      {
        "text": "🍺",
        "alias": "voting",
        "meta": "@voting",
        "userDefined": false
      }
    ],
    "isTemplate": false,
    "count": 0,
    "updated": 1530752091
  },
  {
    "id": "06abd47a-e57d-4fc2-889a-ba8e950940e4",
    "data": [
      {
        "text": "I ",
        "userDefined": false
      },
      {
        "text": "deteste",
        "alias": "voting",
        "meta": "@voting",
        "userDefined": true
      },
      {
        "text": " this movie",
        "userDefined": false
      }
    ],
    "isTemplate": false,
    "count": 0,
    "updated": 1530752091
  },
  {
    "id": "842a6610-c267-41c5-93d8-0900b8238921",
    "data": [
      {
        "text": "aye",
        "alias": "voting",
        "meta": "@voting",
        "userDefined": false
      },
      {
        "text": ", I\u0027d consider watching that, ",
        "userDefined": false
      },
      {
        "text": "sure",
        "alias": "voting",
        "meta": "@voting",
        "userDefined": true
      }
    ],
    "isTemplate": false,
    "count": 0,
    "updated": 1530752091
  },
  {
    "id": "52c36f94-bff0-46aa-bc62-1483814f681a",
    "data": [
      {
        "text": "Surely you are ",
        "userDefined": false
      },
      {
        "text": "kidding",
        "alias": "voting",
        "meta": "@voting",
        "userDefined": true
      },
      {
        "text": " me on?",
        "userDefined": false
      }
    ],
    "isTemplate": false,
    "count": 0,
    "updated": 1530752091
  }
]