[
  {
    "id": "eaddc814-d780-4e06-9ac2-d575fe8bca4b",
    "data": [
      {
        "text": "welcome",
        "userDefined": false
      }
    ],
    "isTemplate": false,
    "count": 0,
    "updated": 1530754299
  },
  {
    "id": "6d22b4b1-0868-4ea1-b4dd-d0c9e5cb10c9",
    "data": [
      {
        "text": "talk to vote goat",
        "userDefined": false
      }
    ],
    "isTemplate": false,
    "count": 0,
    "updated": 1530754299
  },
  {
    "id": "d6dca81d-cc8d-42cc-91ed-045f58ba8f2a",
    "data": [
      {
        "text": "back to the main menu",
        "userDefined": false
      }
    ],
    "isTemplate": false,
    "count": 0,
    "updated": 1530754299
  },
  {
    "id": "964b499c-a9eb-4247-8531-1fff8a67e265",
    "data": [
      {
        "text": "🚪 Back",
        "userDefined": false
      }
    ],
    "isTemplate": false,
    "count": 0,
    "updated": 1530754299
  }
]