[
  {
    "id": "9dc35efa-11f9-480d-b7f0-aa00c3e1b842",
    "data": [
      {
        "text": "stream this film online",
        "userDefined": false
      }
    ],
    "isTemplate": false,
    "count": 0,
    "updated": 1530754367
  },
  {
    "id": "e2112b7d-f6ff-4a2b-9aeb-d02fbb90eee5",
    "data": [
      {
        "text": "film availability online",
        "userDefined": false
      }
    ],
    "isTemplate": false,
    "count": 0,
    "updated": 1530754367
  },
  {
    "id": "e8174db3-de95-4b40-9788-de21df075697",
    "data": [
      {
        "text": "where to watch this film online",
        "userDefined": false
      }
    ],
    "isTemplate": false,
    "count": 0,
    "updated": 1530754367
  },
  {
    "id": "97e90b0b-f7d2-41af-a680-685df4aa0422",
    "data": [
      {
        "text": "show me where to watch this",
        "userDefined": false
      }
    ],
    "isTemplate": false,
    "count": 0,
    "updated": 1530754367
  },
  {
    "id": "6b0a9e8a-5a44-4179-8f3e-47d358b30352",
    "data": [
      {
        "text": "Search where I can watch this",
        "userDefined": false
      }
    ],
    "isTemplate": false,
    "count": 0,
    "updated": 1530754367
  },
  {
    "id": "4be4aa8f-1f0c-481c-a137-d847df900903",
    "data": [
      {
        "text": "Create a list of outbound movie search links",
        "userDefined": false
      }
    ],
    "isTemplate": false,
    "count": 0,
    "updated": 1530754367
  },
  {
    "id": "de112ad3-3790-4314-ad38-daa4694be63b",
    "data": [
      {
        "text": "Can I watch this on netflix?",
        "userDefined": false
      }
    ],
    "isTemplate": false,
    "count": 0,
    "updated": 1530754367
  },
  {
    "id": "56ce6273-1a1b-482b-a36c-4ca5806583c1",
    "data": [
      {
        "text": "Where can I get this movie?",
        "userDefined": false
      }
    ],
    "isTemplate": false,
    "count": 0,
    "updated": 1530754367
  },
  {
    "id": "cb14eeb7-5cdd-4e56-8ab6-4e2644da620d",
    "data": [
      {
        "text": "🍿 Watch movie online",
        "userDefined": false
      }
    ],
    "isTemplate": false,
    "count": 0,
    "updated": 1530754367
  },
  {
    "id": "854e100f-fcbb-46d4-8fd6-aef039554178",
    "data": [
      {
        "text": "Where to watch this film?",
        "userDefined": false
      }
    ],
    "isTemplate": false,
    "count": 0,
    "updated": 1530754367
  },
  {
    "id": "39a3d606-7883-440a-bfaa-ea54c5916001",
    "data": [
      {
        "text": "Does amazon prime have this movie?",
        "userDefined": false
      }
    ],
    "isTemplate": false,
    "count": 0,
    "updated": 1530754367
  },
  {
    "id": "7c065f77-12f9-4979-af91-c78d632ee17c",
    "data": [
      {
        "text": "Can I rent this movie?",
        "userDefined": false
      }
    ],
    "isTemplate": false,
    "count": 0,
    "updated": 1530754367
  },
  {
    "id": "f7608d7b-bd56-478f-baef-b84dc66a28e7",
    "data": [
      {
        "text": "Show me what IPTV has this movie available",
        "userDefined": false
      }
    ],
    "isTemplate": false,
    "count": 0,
    "updated": 1530754367
  },
  {
    "id": "ada59862-48ae-48c1-912f-59cd7ad7f955",
    "data": [
      {
        "text": "Where to watch?",
        "userDefined": false
      }
    ],
    "isTemplate": false,
    "count": 0,
    "updated": 1530754367
  },
  {
    "id": "e4e09ffe-356a-44a7-821c-47e1af3dec61",
    "data": [
      {
        "text": "Where can I stream this movie?",
        "userDefined": false
      }
    ],
    "isTemplate": false,
    "count": 0,
    "updated": 1530754367
  },
  {
    "id": "0d48ddce-c653-4f74-913b-7657643284e1",
    "data": [
      {
        "text": "Where can I watch this movie?",
        "userDefined": false
      }
    ],
    "isTemplate": false,
    "count": 0,
    "updated": 1530754367
  },
  {
    "id": "b2c045b6-c94b-4047-96bf-19a0ced6ce7b",
    "data": [
      {
        "text": "Can I buy this movie?",
        "userDefined": false
      }
    ],
    "isTemplate": false,
    "count": 0,
    "updated": 1530754367
  }
]