[
  {
    "id": "25211f75-ce94-4d85-8a62-7a25590ffc85",
    "data": [
      {
        "text": "🚪 Quit",
        "userDefined": false
      }
    ],
    "isTemplate": false,
    "count": 0
  },
  {
    "id": "5a233544-ae98-4ce0-8257-5937ef115a50",
    "data": [
      {
        "text": "go away popcorn",
        "userDefined": false
      }
    ],
    "isTemplate": false,
    "count": 0
  },
  {
    "id": "31e59ccd-0665-4e1c-a903-579618a7a217",
    "data": [
      {
        "text": "I want to stop using vote goat for now",
        "userDefined": false
      }
    ],
    "isTemplate": false,
    "count": 0
  },
  {
    "id": "6f04f0cf-862b-4db0-a0f7-eadda966ba02",
    "data": [
      {
        "text": "goodbye",
        "userDefined": false
      }
    ],
    "isTemplate": false,
    "count": 0
  },
  {
    "id": "44409811-bc54-47fb-9880-c998112c832d",
    "data": [
      {
        "text": "go back to google",
        "userDefined": false
      }
    ],
    "isTemplate": false,
    "count": 0
  },
  {
    "id": "48ea54de-5e3e-4da1-942d-eb4db625e0bf",
    "data": [
      {
        "text": "leave",
        "userDefined": false
      }
    ],
    "isTemplate": false,
    "count": 0
  },
  {
    "id": "a1a7700a-5793-4a9c-9e06-1ca59696a6d8",
    "data": [
      {
        "text": "I want to leave vote goat",
        "userDefined": false
      }
    ],
    "isTemplate": false,
    "count": 0
  },
  {
    "id": "5ed3d328-702a-449d-aa89-21863375ce21",
    "data": [
      {
        "text": "stop running popcorn",
        "userDefined": false
      }
    ],
    "isTemplate": false,
    "count": 0
  },
  {
    "id": "05eeb661-1ecf-41fe-a549-7491b5fc1627",
    "data": [
      {
        "text": "leave vote goat",
        "userDefined": false
      }
    ],
    "isTemplate": false,
    "count": 0
  },
  {
    "id": "5c89329a-e301-4371-b43c-be1e1172dffe",
    "data": [
      {
        "text": "exit vote goat",
        "userDefined": false
      }
    ],
    "isTemplate": false,
    "count": 0
  },
  {
    "id": "74030bc8-c4f7-4ef3-8946-98924abb97da",
    "data": [
      {
        "text": "quit vote goat",
        "userDefined": false
      }
    ],
    "isTemplate": false,
    "count": 0
  },
  {
    "id": "02dd6e49-5e56-4c8e-9773-47ec1503b7ac",
    "data": [
      {
        "text": "exit",
        "userDefined": false
      }
    ],
    "isTemplate": false,
    "count": 0
  },
  {
    "id": "145e535f-dc36-4c0c-943f-eb9edbfe2395",
    "data": [
      {
        "text": "I don\u0027t want to use vote goat anymore",
        "userDefined": false
      }
    ],
    "isTemplate": false,
    "count": 0
  },
  {
    "id": "56bfb602-edec-4c83-9559-d021c4441b81",
    "data": [
      {
        "text": "return to google",
        "userDefined": false
      }
    ],
    "isTemplate": false,
    "count": 0
  },
  {
    "id": "a15e8f2b-31dd-4426-a16e-bd52790867d1",
    "data": [
      {
        "text": "quit",
        "userDefined": false
      }
    ],
    "isTemplate": false,
    "count": 0
  },
  {
    "id": "5b6a4a8e-2a6c-4209-b0a4-4fdd80c02c2e",
    "data": [
      {
        "text": "goodbye vote goat",
        "userDefined": false
      }
    ],
    "isTemplate": false,
    "count": 0
  }
]