[
  {
    "id": "ca818b54-df6b-46aa-84c2-8e19c7e79c0f",
    "data": [
      {
        "text": "stop training",
        "userDefined": false
      }
    ],
    "isTemplate": false,
    "count": 0
  },
  {
    "id": "1b206e71-1ee1-4c92-a671-acb493ae5dbf",
    "data": [
      {
        "text": "leave this question",
        "userDefined": false
      }
    ],
    "isTemplate": false,
    "count": 1
  },
  {
    "id": "1eef2eb8-507e-4c84-bdcb-9561b1ee5a61",
    "data": [
      {
        "text": "leave training",
        "userDefined": false
      }
    ],
    "isTemplate": false,
    "count": 0
  },
  {
    "id": "41af68c3-2e1d-4a6f-b21f-5cab95def961",
    "data": [
      {
        "text": "back to the main menu",
        "userDefined": false
      }
    ],
    "isTemplate": false,
    "count": 0
  },
  {
    "id": "fb61cd39-90c7-4157-a835-d5042f8a532e",
    "data": [
      {
        "text": "leave voting",
        "userDefined": false
      }
    ],
    "isTemplate": false,
    "count": 0
  },
  {
    "id": "a59a8e4b-e6d4-4acf-a9cb-ec606c3fe628",
    "data": [
      {
        "text": "🚪 Back",
        "userDefined": false
      }
    ],
    "isTemplate": false,
    "count": 0
  },
  {
    "id": "d92f9092-7cca-40fc-aec8-aeb4a04686d5",
    "data": [
      {
        "text": "stop this line of questioning",
        "userDefined": false
      }
    ],
    "isTemplate": false,
    "count": 0
  },
  {
    "id": "eaf91ee9-4f66-4f81-a8d9-6d61d2c199a2",
    "data": [
      {
        "text": "let\u0027s go back to the main menu",
        "userDefined": false
      }
    ],
    "isTemplate": false,
    "count": 0
  },
  {
    "id": "e780149b-2983-4551-8eb5-a1ecc0959496",
    "data": [
      {
        "text": "leave movie recommendations",
        "userDefined": false
      }
    ],
    "isTemplate": false,
    "count": 0
  },
  {
    "id": "00d03e08-6404-45a1-9820-16c74b621f4d",
    "data": [
      {
        "text": "take me back to the main menu",
        "userDefined": false
      }
    ],
    "isTemplate": false,
    "count": 0
  },
  {
    "id": "a7c29d8a-526c-4eeb-9b3d-eb436c1363bf",
    "data": [
      {
        "text": "leave recommendations",
        "userDefined": false
      }
    ],
    "isTemplate": false,
    "count": 0
  },
  {
    "id": "a25e189e-d6d5-4b4f-ac80-757637c29da3",
    "data": [
      {
        "text": "leave ranking",
        "userDefined": false
      }
    ],
    "isTemplate": false,
    "count": 0
  },
  {
    "id": "7674b8b2-0e63-4315-92e7-b621587c47ea",
    "data": [
      {
        "text": "navigate back to the main menu",
        "userDefined": false
      }
    ],
    "isTemplate": false,
    "count": 0
  }
]