[
  {
    "id": "99b1dd0a-5198-425f-9d35-71e10a21812a",
    "data": [
      {
        "text": "What can I do in this bot?",
        "userDefined": false
      }
    ],
    "isTemplate": false,
    "count": 0,
    "updated": 1512517978
  },
  {
    "id": "05e4fb63-346a-47ce-85dc-c97219a687e4",
    "data": [
      {
        "text": "help",
        "userDefined": false
      }
    ],
    "isTemplate": false,
    "count": 0
  },
  {
    "id": "6c408f70-c32b-400e-a37b-279b618d7392",
    "data": [
      {
        "text": "📑 Help",
        "userDefined": false
      }
    ],
    "isTemplate": false,
    "count": 0
  },
  {
    "id": "9d711449-534d-4bb1-9ac7-50084016d494",
    "data": [
      {
        "text": "tell me what I can do",
        "userDefined": false
      }
    ],
    "isTemplate": false,
    "count": 0
  },
  {
    "id": "71ad394c-6588-434c-87d4-e8b33a82d74b",
    "data": [
      {
        "text": "what commands does vote goat understand?",
        "userDefined": false
      }
    ],
    "isTemplate": false,
    "count": 0
  },
  {
    "id": "075e1c9e-5315-4df7-880a-ba02773e0e19",
    "data": [
      {
        "text": "what does vote goat want me to say next?",
        "userDefined": false
      }
    ],
    "isTemplate": false,
    "count": 0
  },
  {
    "id": "3af1ec92-98d1-4807-8bff-3d5660c83032",
    "data": [
      {
        "text": "I don\u0027t know",
        "meta": "@sys.ignore",
        "userDefined": false
      },
      {
        "text": " what to do",
        "userDefined": false
      }
    ],
    "isTemplate": false,
    "count": 0
  },
  {
    "id": "8f63bc04-44df-4d54-8763-f37450c45ae0",
    "data": [
      {
        "text": "What should I do next?",
        "userDefined": false
      }
    ],
    "isTemplate": false,
    "count": 0,
    "updated": 1512517978
  },
  {
    "id": "38533b15-f1c9-4a19-be9c-6cf94600fb6b",
    "data": [
      {
        "text": "help ",
        "userDefined": false
      },
      {
        "text": "I don\u0027t know",
        "meta": "@sys.ignore",
        "userDefined": false
      },
      {
        "text": " what to do",
        "userDefined": false
      }
    ],
    "isTemplate": false,
    "count": 0
  },
  {
    "id": "aecc8540-9e7f-4bf4-b0e5-214de33bb3be",
    "data": [
      {
        "text": "What can I do in this app?",
        "userDefined": false
      }
    ],
    "isTemplate": false,
    "count": 0,
    "updated": 1512517978
  },
  {
    "id": "5e92c3c0-be7c-41d6-b820-5cd4c2d55ec9",
    "data": [
      {
        "text": "can you tell me what I can do next?",
        "userDefined": false
      }
    ],
    "isTemplate": false,
    "count": 0
  },
  {
    "id": "2ff30c08-fbb8-44c6-a8f0-fe9fc957fdca",
    "data": [
      {
        "text": "What functionality is there?",
        "userDefined": false
      }
    ],
    "isTemplate": false,
    "count": 0,
    "updated": 1512517978
  },
  {
    "id": "bc1b18d8-c280-4d82-b3ee-31ce4b06285f",
    "data": [
      {
        "text": "what should I say to vote goat?",
        "userDefined": false
      }
    ],
    "isTemplate": false,
    "count": 0
  },
  {
    "id": "b193db9f-2d1e-4943-8976-8c548857814d",
    "data": [
      {
        "text": "what can vote goat do?",
        "userDefined": false
      }
    ],
    "isTemplate": false,
    "count": 0
  },
  {
    "id": "ca7d511f-c380-4b33-b577-57e47b00b831",
    "data": [
      {
        "text": "learn how to use vote goat",
        "userDefined": false
      }
    ],
    "isTemplate": false,
    "count": 0
  },
  {
    "id": "b2ef4e6f-d1d6-4403-ac7d-7aa8919b65fd",
    "data": [
      {
        "text": "what can I do?",
        "userDefined": false
      }
    ],
    "isTemplate": false,
    "count": 0
  },
  {
    "id": "fcd67252-1dec-4701-b99c-b94b83cb16bc",
    "data": [
      {
        "text": "What can I do next?",
        "userDefined": false
      }
    ],
    "isTemplate": false,
    "count": 0,
    "updated": 1512517978
  }
]