[
  {
    "id": "8101ed89-c782-47ea-a8e7-26391f357b9c",
    "data": [
      {
        "text": "how many movies have I voted on?",
        "userDefined": false
      }
    ],
    "isTemplate": false,
    "count": 0
  },
  {
    "id": "3dc69935-2bc8-4798-8d50-9b2f5cd9e22f",
    "data": [
      {
        "text": "what do I get for voting on movies",
        "userDefined": false
      }
    ],
    "isTemplate": false,
    "count": 0
  },
  {
    "id": "dafb0498-0abf-4984-98c6-9823b1b3e8eb",
    "data": [
      {
        "text": "show my leaderboard stats",
        "userDefined": false
      }
    ],
    "isTemplate": false,
    "count": 0
  },
  {
    "id": "6725dfd7-ebd1-4fc1-8dcb-5faa1ebc6062",
    "data": [
      {
        "text": "Have I ",
        "userDefined": false
      },
      {
        "text": "upvoted",
        "alias": "voting",
        "meta": "@voting",
        "userDefined": false
      },
      {
        "text": " more than I have ",
        "userDefined": false
      },
      {
        "text": "downvoted",
        "alias": "voting",
        "meta": "@voting",
        "userDefined": false
      },
      {
        "text": "?",
        "userDefined": false
      }
    ],
    "isTemplate": false,
    "count": 0
  },
  {
    "id": "695941af-b4ed-4ea6-ac08-e932c209521e",
    "data": [
      {
        "text": "show me how many movies that I\u0027ve ranked",
        "userDefined": false
      }
    ],
    "isTemplate": false,
    "count": 0
  },
  {
    "id": "502372ee-91c6-4ce3-a6ac-457e48382f8d",
    "data": [
      {
        "text": "show me my stats",
        "userDefined": false
      }
    ],
    "isTemplate": false,
    "count": 0
  },
  {
    "id": "9a9d4906-79dd-4c48-acf8-1e4123ec5e76",
    "data": [
      {
        "text": "what is my leaderboard ranking",
        "userDefined": false
      }
    ],
    "isTemplate": false,
    "count": 0
  },
  {
    "id": "f6339634-ee07-477d-bb79-a6eb2cd5f86b",
    "data": [
      {
        "text": "how do my stats compare to others?",
        "userDefined": false
      }
    ],
    "isTemplate": false,
    "count": 0
  },
  {
    "id": "2c5f4769-c102-4166-bd46-280ba1675c7c",
    "data": [
      {
        "text": "Have I ",
        "userDefined": false
      },
      {
        "text": "downvoted",
        "alias": "voting",
        "meta": "@voting",
        "userDefined": false
      },
      {
        "text": " more than I have ",
        "userDefined": false
      },
      {
        "text": "upvoted",
        "alias": "voting",
        "meta": "@voting",
        "userDefined": false
      },
      {
        "text": "?",
        "userDefined": false
      }
    ],
    "isTemplate": false,
    "count": 0
  },
  {
    "id": "6d6dc5fe-0c15-459c-b73f-396dafe2cfcf",
    "data": [
      {
        "text": "🏆 Show Stats",
        "userDefined": false
      }
    ],
    "isTemplate": false,
    "count": 1
  },
  {
    "id": "3cc5ae08-ee40-4998-bb5a-64250e044f5e",
    "data": [
      {
        "text": "how do I compare to other users?",
        "userDefined": false
      }
    ],
    "isTemplate": false,
    "count": 0
  },
  {
    "id": "9f157b10-b1d1-450b-b626-ac870fff283d",
    "data": [
      {
        "text": "Am I winning yet?",
        "userDefined": false
      }
    ],
    "isTemplate": false,
    "count": 0
  },
  {
    "id": "771cc5e4-07ab-4ffb-b480-a0df396aa16e",
    "data": [
      {
        "text": "what are my stats?",
        "userDefined": false
      }
    ],
    "isTemplate": false,
    "count": 0
  },
  {
    "id": "a9808a9a-9dc2-431a-8050-fd2d49a67823",
    "data": [
      {
        "text": "how many movies have I ranked?",
        "userDefined": false
      }
    ],
    "isTemplate": false,
    "count": 0
  },
  {
    "id": "a600fa33-60d0-4052-93bb-bf8f8918a85d",
    "data": [
      {
        "text": "how many movies have I ",
        "userDefined": false
      },
      {
        "text": "downvoted",
        "alias": "voting",
        "meta": "@voting",
        "userDefined": false
      },
      {
        "text": "?",
        "userDefined": false
      }
    ],
    "isTemplate": false,
    "count": 0
  },
  {
    "id": "f8730ae0-88c5-4c31-b7e3-fab21500c4dc",
    "data": [
      {
        "text": "show my statistics",
        "userDefined": false
      }
    ],
    "isTemplate": false,
    "count": 0
  },
  {
    "id": "dd743870-8d92-4ae3-b6f7-b15880ce5cdd",
    "data": [
      {
        "text": "what are my achievements",
        "userDefined": false
      }
    ],
    "isTemplate": false,
    "count": 0
  },
  {
    "id": "e163844c-ff09-4923-98eb-b7b7d0236456",
    "data": [
      {
        "text": "what have I achieved",
        "userDefined": false
      }
    ],
    "isTemplate": false,
    "count": 0
  },
  {
    "id": "76d27ef6-c60b-45a6-97b1-55dfc5a7a0aa",
    "data": [
      {
        "text": "how many movies have I ",
        "userDefined": false
      },
      {
        "text": "upvoted",
        "alias": "voting",
        "meta": "@voting",
        "userDefined": false
      },
      {
        "text": "?",
        "userDefined": false
      }
    ],
    "isTemplate": false,
    "count": 0
  },
  {
    "id": "795de78d-644e-48ee-a69f-f3806dc31392",
    "data": [
      {
        "text": "what do I get for ranking",
        "userDefined": false
      }
    ],
    "isTemplate": false,
    "count": 0
  }
]