[
  {
    "id": "5795c329-2a93-4010-be1b-ba050bda7e79",
    "data": [
      {
        "text": "stop this app from interrupting us",
        "userDefined": false
      }
    ],
    "isTemplate": false,
    "count": 0,
    "updated": 1531222313
  },
  {
    "id": "3508235f-fc72-466c-be5f-e820be8b39ca",
    "data": [
      {
        "text": "stop this bot from interrupting us",
        "userDefined": false
      }
    ],
    "isTemplate": false,
    "count": 0,
    "updated": 1531222313
  },
  {
    "id": "d5d48b5d-150e-4b79-8a4f-d4a0e56ba497",
    "data": [
      {
        "text": "exit vote goat chat",
        "userDefined": false
      }
    ],
    "isTemplate": false,
    "count": 0,
    "updated": 1531222313
  },
  {
    "id": "f286d37f-7321-424a-952f-2b90eb9b6a18",
    "data": [
      {
        "text": "stop vote goat talking",
        "userDefined": false
      }
    ],
    "isTemplate": false,
    "count": 0,
    "updated": 1531222313
  },
  {
    "id": "a86fa4dc-557e-4439-af17-38bed68c5498",
    "data": [
      {
        "text": "shut up vote goat",
        "userDefined": false
      }
    ],
    "isTemplate": false,
    "count": 0,
    "updated": 1531222313
  },
  {
    "id": "48f1a1d1-33e8-43aa-b9d7-e406111d902a",
    "data": [
      {
        "text": "stop talking vote goat",
        "userDefined": false
      }
    ],
    "isTemplate": false,
    "count": 0,
    "updated": 1531222313
  },
  {
    "id": "aad09753-1e80-4082-81a5-5aece21a20c3",
    "data": [
      {
        "text": "i\u0027m done with this conversation",
        "userDefined": false
      }
    ],
    "isTemplate": false,
    "count": 0,
    "updated": 1531222313
  },
  {
    "id": "03f24b80-a521-48ae-a327-7b8edc4f12e4",
    "data": [
      {
        "text": "i\u0027m done for now thanks",
        "userDefined": false
      }
    ],
    "isTemplate": false,
    "count": 0,
    "updated": 1531222313
  },
  {
    "id": "03702657-35b0-45a4-aa43-c8d5b39ab5e5",
    "data": [
      {
        "text": "leave vote goat immediately",
        "userDefined": false
      }
    ],
    "isTemplate": false,
    "count": 0,
    "updated": 1531222313
  },
  {
    "id": "9cf4acd7-0568-4ec2-bbba-39b023fa73f4",
    "data": [
      {
        "text": "quit vote goat now",
        "userDefined": false
      }
    ],
    "isTemplate": false,
    "count": 0,
    "updated": 1531222313
  },
  {
    "id": "43617ba9-450c-40ad-b6f8-5723023530a0",
    "data": [
      {
        "text": "get out of vote goat",
        "userDefined": false
      }
    ],
    "isTemplate": false,
    "count": 0,
    "updated": 1531222313
  },
  {
    "id": "ccd95c0d-5fa0-4168-8c88-3167e6a8ff3f",
    "data": [
      {
        "text": "please let me go",
        "userDefined": false
      }
    ],
    "isTemplate": false,
    "count": 0,
    "updated": 1530881639
  },
  {
    "id": "985f43dc-5dc1-4172-ab53-6fe68544baaa",
    "data": [
      {
        "text": "let me leave please",
        "userDefined": false
      }
    ],
    "isTemplate": false,
    "count": 0,
    "updated": 1530881639
  },
  {
    "id": "94473ae7-ce6b-4e8b-bf98-0b6ad86c82cd",
    "data": [
      {
        "text": "thanks but i\u0027ll be leaving now",
        "userDefined": false
      }
    ],
    "isTemplate": false,
    "count": 0,
    "updated": 1530881639
  },
  {
    "id": "eea41232-807d-4ff0-b571-cb827ac61f7f",
    "data": [
      {
        "text": "I don\u0027t want to continue",
        "userDefined": false
      }
    ],
    "isTemplate": false,
    "count": 0,
    "updated": 1530881639
  },
  {
    "id": "be07a5cc-4d46-4b80-9e98-678bc3707b73",
    "data": [
      {
        "text": "I do not need any further assistance finding movies",
        "userDefined": false
      }
    ],
    "isTemplate": false,
    "count": 0,
    "updated": 1530881639
  },
  {
    "id": "d6220f26-1487-496d-848b-4a58c970b4e0",
    "data": [
      {
        "text": "sorry nothing is required",
        "userDefined": false
      }
    ],
    "isTemplate": false,
    "count": 0,
    "updated": 1530881639
  },
  {
    "id": "52a6ea3c-d73b-40e8-9f53-9171c5612c37",
    "data": [
      {
        "text": "I wish vote goat would stop talking",
        "userDefined": false
      }
    ],
    "isTemplate": false,
    "count": 0,
    "updated": 1530881639
  },
  {
    "id": "e4326b0f-a8e2-4f11-94be-18728e1aabeb",
    "data": [
      {
        "text": "get out of chat",
        "userDefined": false
      }
    ],
    "isTemplate": false,
    "count": 0,
    "updated": 1530881639
  },
  {
    "id": "15918f55-d6d5-40b2-85d5-5514baccd3a0",
    "data": [
      {
        "text": "get out of conversation",
        "userDefined": false
      }
    ],
    "isTemplate": false,
    "count": 0,
    "updated": 1530881639
  },
  {
    "id": "17cec6ed-1102-4317-92a5-ba5324505ed8",
    "data": [
      {
        "text": "clear off",
        "userDefined": false
      }
    ],
    "isTemplate": false,
    "count": 0,
    "updated": 1530881639
  },
  {
    "id": "411b31f7-1961-4c48-83c5-24834d2b579c",
    "data": [
      {
        "text": "shoo",
        "userDefined": false
      }
    ],
    "isTemplate": false,
    "count": 0,
    "updated": 1530881639
  },
  {
    "id": "ea7bd037-5936-4b13-8f60-e29dd1624076",
    "data": [
      {
        "text": "buzz off",
        "userDefined": false
      }
    ],
    "isTemplate": false,
    "count": 0,
    "updated": 1530881639
  },
  {
    "id": "6a543f7a-90e4-4acc-b691-b04adfd68ded",
    "data": [
      {
        "text": "make oneself scarce",
        "userDefined": false
      }
    ],
    "isTemplate": false,
    "count": 0,
    "updated": 1530881639
  },
  {
    "id": "75d2705b-adbd-44df-b54e-89ccf887b094",
    "data": [
      {
        "text": "I wish to retire for the night",
        "userDefined": false
      }
    ],
    "isTemplate": false,
    "count": 0,
    "updated": 1530881639
  },
  {
    "id": "4c89843e-2dc1-481d-b80a-0cce5fa3dd29",
    "data": [
      {
        "text": "I give up",
        "userDefined": false
      }
    ],
    "isTemplate": false,
    "count": 0,
    "updated": 1530881639
  },
  {
    "id": "ef273c3f-306e-4be1-86aa-37e26a90cc1b",
    "data": [
      {
        "text": "get lost",
        "userDefined": false
      }
    ],
    "isTemplate": false,
    "count": 0,
    "updated": 1530881639
  },
  {
    "id": "b206e5d1-30c5-4587-bd5e-61253921e7d3",
    "data": [
      {
        "text": "end our chat",
        "userDefined": false
      }
    ],
    "isTemplate": false,
    "count": 0,
    "updated": 1530881639
  },
  {
    "id": "814e9cdc-be4d-4ac8-9692-d70cf07bff45",
    "data": [
      {
        "text": "end our conversation",
        "userDefined": false
      }
    ],
    "isTemplate": false,
    "count": 0,
    "updated": 1530881639
  },
  {
    "id": "3c08b62d-243e-4954-adeb-471b5bcffd7c",
    "data": [
      {
        "text": "stop our conversation",
        "userDefined": false
      }
    ],
    "isTemplate": false,
    "count": 0,
    "updated": 1530881639
  },
  {
    "id": "b24e319b-3d90-4e5b-ab44-f7fa8b8218af",
    "data": [
      {
        "text": "end our session",
        "userDefined": false
      }
    ],
    "isTemplate": false,
    "count": 0,
    "updated": 1530881639
  },
  {
    "id": "76c4f25c-7797-4992-ae27-6151c452ce3a",
    "data": [
      {
        "text": "I\u0027m bored of using vote goat",
        "userDefined": false
      }
    ],
    "isTemplate": false,
    "count": 0,
    "updated": 1530881639
  },
  {
    "id": "4da506a7-f933-48cd-92c6-485088416724",
    "data": [
      {
        "text": "leave me alone",
        "userDefined": false
      }
    ],
    "isTemplate": false,
    "count": 0,
    "updated": 1530881639
  },
  {
    "id": "0d0b5f9e-4942-471e-ae52-93ac59a81bcb",
    "data": [
      {
        "text": "go away",
        "userDefined": false
      }
    ],
    "isTemplate": false,
    "count": 0,
    "updated": 1530881639
  },
  {
    "id": "c97c7e26-d1fa-4ef7-861d-3ecebf4c382f",
    "data": [
      {
        "text": "abandon ship",
        "userDefined": false
      }
    ],
    "isTemplate": false,
    "count": 0,
    "updated": 1530881639
  },
  {
    "id": "14fbfefd-2c50-4cc8-a32e-273e6a699346",
    "data": [
      {
        "text": "abandon vote goat",
        "userDefined": false
      }
    ],
    "isTemplate": false,
    "count": 0,
    "updated": 1530881639
  },
  {
    "id": "1fc8a1e2-585a-4a84-b509-da9e3f95dc15",
    "data": [
      {
        "text": "let me leave",
        "userDefined": false
      }
    ],
    "isTemplate": false,
    "count": 0,
    "updated": 1530881639
  },
  {
    "id": "32fc8545-1c59-4653-922e-70ad37ad4dab",
    "data": [
      {
        "text": "get out",
        "userDefined": false
      }
    ],
    "isTemplate": false,
    "count": 0,
    "updated": 1530881639
  },
  {
    "id": "58a33b6f-b64e-4c2b-a5d3-02e9c5628409",
    "data": [
      {
        "text": "🚪 Quit",
        "userDefined": false
      }
    ],
    "isTemplate": false,
    "count": 0,
    "updated": 1530881639
  },
  {
    "id": "04787593-33fd-4d09-99f3-82b832b51531",
    "data": [
      {
        "text": "I want to stop using vote goat for now",
        "userDefined": false
      }
    ],
    "isTemplate": false,
    "count": 0,
    "updated": 1530881639
  },
  {
    "id": "fd977233-cdcc-4429-aa98-1a1c916a2bac",
    "data": [
      {
        "text": "go away vote goat",
        "userDefined": false
      }
    ],
    "isTemplate": false,
    "count": 0,
    "updated": 1530881639
  },
  {
    "id": "424169b7-b483-41d7-9402-9cc8cdf44ed1",
    "data": [
      {
        "text": "go back to google",
        "userDefined": false
      }
    ],
    "isTemplate": false,
    "count": 0,
    "updated": 1530881639
  },
  {
    "id": "e329a025-c21a-4713-83d8-142199b628fd",
    "data": [
      {
        "text": "leave",
        "userDefined": false
      }
    ],
    "isTemplate": false,
    "count": 0,
    "updated": 1530881639
  },
  {
    "id": "9316e10f-4c3a-4923-a519-44aef0bc8cb1",
    "data": [
      {
        "text": "goodbye",
        "userDefined": false
      }
    ],
    "isTemplate": false,
    "count": 0,
    "updated": 1530881639
  },
  {
    "id": "f6fb3787-4512-4e38-a73c-a68efc1e5f15",
    "data": [
      {
        "text": "I want to leave vote goat",
        "userDefined": false
      }
    ],
    "isTemplate": false,
    "count": 0,
    "updated": 1531222313
  },
  {
    "id": "6d5e975a-b5fc-48fd-84ad-1d8e59def61d",
    "data": [
      {
        "text": "exit vote goat",
        "userDefined": false
      }
    ],
    "isTemplate": false,
    "count": 0,
    "updated": 1531222313
  },
  {
    "id": "eb359814-2508-4c76-9c01-c336ef8c7fe3",
    "data": [
      {
        "text": "stop running vote goat",
        "userDefined": false
      }
    ],
    "isTemplate": false,
    "count": 0,
    "updated": 1531222313
  },
  {
    "id": "1dde3cdc-42c9-4121-a3ab-1c80b304a0b2",
    "data": [
      {
        "text": "leave vote goat",
        "userDefined": false
      }
    ],
    "isTemplate": false,
    "count": 0,
    "updated": 1531222313
  },
  {
    "id": "4cf0f2a6-4425-4265-af29-47186a4d03ae",
    "data": [
      {
        "text": "exit",
        "userDefined": false
      }
    ],
    "isTemplate": false,
    "count": 0,
    "updated": 1531222313
  },
  {
    "id": "599f503e-ac5e-4f5a-bbc3-1cca38239b0a",
    "data": [
      {
        "text": "quit vote goat",
        "userDefined": false
      }
    ],
    "isTemplate": false,
    "count": 0,
    "updated": 1531222313
  },
  {
    "id": "a892ad69-11fb-4b61-a066-ed48add01cb5",
    "data": [
      {
        "text": "I don\u0027t want to use vote goat anymore",
        "userDefined": false
      }
    ],
    "isTemplate": false,
    "count": 0,
    "updated": 1531222313
  },
  {
    "id": "e5cdaf4f-1ed8-4813-813b-452d9ed9468f",
    "data": [
      {
        "text": "return to google",
        "userDefined": false
      }
    ],
    "isTemplate": false,
    "count": 0,
    "updated": 1531222313
  },
  {
    "id": "430ea038-c2a6-454f-bf8d-b18daa74b92e",
    "data": [
      {
        "text": "quit",
        "userDefined": false
      }
    ],
    "isTemplate": false,
    "count": 0,
    "updated": 1531222313
  },
  {
    "id": "65985027-2d09-417c-8fb3-46b8f24584fe",
    "data": [
      {
        "text": "goodbye vote goat",
        "userDefined": false
      }
    ],
    "isTemplate": false,
    "count": 0,
    "updated": 1531222313
  }
]