[
  {
    "id": "5c1b449a-3ed7-48ad-85f2-c63fc49ed48d",
    "data": [
      {
        "text": "fill me in on what this movie is about",
        "userDefined": false
      }
    ],
    "isTemplate": false,
    "count": 0,
    "updated": 1530752234
  },
  {
    "id": "5d0ac98d-60e7-4b06-a319-f99b08a1fdea",
    "data": [
      {
        "text": "give me more ",
        "userDefined": false
      },
      {
        "text": "information",
        "alias": "movieGenre",
        "meta": "@movieGenre",
        "userDefined": false
      },
      {
        "text": " to go on",
        "userDefined": false
      }
    ],
    "isTemplate": false,
    "count": 0,
    "updated": 1530752234
  },
  {
    "id": "5871d678-dab7-4480-8bd6-646c953a385d",
    "data": [
      {
        "text": "what that movie about?",
        "userDefined": false
      }
    ],
    "isTemplate": false,
    "count": 0,
    "updated": 1530752234
  },
  {
    "id": "139d6516-0871-49b7-b228-71f624ff232e",
    "data": [
      {
        "text": "tell me about it",
        "userDefined": false
      }
    ],
    "isTemplate": false,
    "count": 0,
    "updated": 1530752234
  },
  {
    "id": "46a68416-b014-4e62-a477-3e57a3cfed8f",
    "data": [
      {
        "text": "TLDR",
        "userDefined": false
      }
    ],
    "isTemplate": false,
    "count": 0,
    "updated": 1530704126
  },
  {
    "id": "734fae7c-31c6-4667-b504-a5129fb62a10",
    "data": [
      {
        "text": "give a TLDR",
        "userDefined": false
      }
    ],
    "isTemplate": false,
    "count": 0,
    "updated": 1530704126
  },
  {
    "id": "d6de0e53-9584-416d-99ba-f115560f2b69",
    "data": [
      {
        "text": "Give me a TL;DR",
        "userDefined": false
      }
    ],
    "isTemplate": false,
    "count": 0,
    "updated": 1530704126
  },
  {
    "id": "9ccfb66a-8f01-4ed5-a922-fa1eded0d00e",
    "data": [
      {
        "text": "who\u0027s in it?",
        "userDefined": false
      }
    ],
    "isTemplate": false,
    "count": 0,
    "updated": 1530704126
  },
  {
    "id": "ad440900-539b-4e90-bcbe-a98016d07603",
    "data": [
      {
        "text": "who made it",
        "userDefined": false
      }
    ],
    "isTemplate": false,
    "count": 0,
    "updated": 1530704126
  },
  {
    "id": "74950e17-7367-48a2-b649-cb98a77d79f5",
    "data": [
      {
        "text": "what\u0027s Die Hard about?",
        "userDefined": false
      }
    ],
    "isTemplate": false,
    "count": 0,
    "updated": 1530704126
  },
  {
    "id": "d5a42b7b-dedf-440c-b854-99a862b69931",
    "data": [
      {
        "text": "what\u0027s Shrek about?",
        "userDefined": false
      }
    ],
    "isTemplate": false,
    "count": 0,
    "updated": 1530704126
  },
  {
    "id": "dc20f218-1bee-4d27-aa63-07814a75f3bc",
    "data": [
      {
        "text": "whats the movie about",
        "userDefined": false
      }
    ],
    "isTemplate": false,
    "count": 0,
    "updated": 1530704126
  },
  {
    "id": "fbe301dd-915f-40b7-ac7a-91ea453f1804",
    "data": [
      {
        "text": "What\u0027s the premise?",
        "userDefined": false
      }
    ],
    "isTemplate": false,
    "count": 0,
    "updated": 1530704126
  },
  {
    "id": "26312168-2f10-4abf-8084-ce8dd8282377",
    "data": [
      {
        "text": "Who directed this movie?",
        "userDefined": false
      }
    ],
    "isTemplate": false,
    "count": 0,
    "updated": 1530704126
  },
  {
    "id": "ae3bd473-4e41-4a4d-b899-d3410f2a78b6",
    "data": [
      {
        "text": "When did this movie come out?",
        "userDefined": false
      }
    ],
    "isTemplate": false,
    "count": 0,
    "updated": 1530704126
  },
  {
    "id": "fb4b56dc-8c5c-45fc-8be2-e70ad2dcfd33",
    "data": [
      {
        "text": "Who were the main actors?",
        "userDefined": false
      }
    ],
    "isTemplate": false,
    "count": 0,
    "updated": 1530704126
  },
  {
    "id": "83418d56-1fd8-4c9d-97e7-7374446ae7f1",
    "data": [
      {
        "text": "tell me the deets",
        "userDefined": false
      }
    ],
    "isTemplate": false,
    "count": 0,
    "updated": 1530704126
  },
  {
    "id": "38feba78-e5f6-44c2-96ab-04c43e59474e",
    "data": [
      {
        "text": "Tell me more details",
        "userDefined": false
      }
    ],
    "isTemplate": false,
    "count": 0,
    "updated": 1530704126
  },
  {
    "id": "45c2bca1-388f-473e-bb7b-117c6c751e74",
    "data": [
      {
        "text": "tell me everything there is to know about",
        "userDefined": false
      }
    ],
    "isTemplate": false,
    "count": 0,
    "updated": 1530704126
  },
  {
    "id": "e67e97a2-0990-4892-b557-25130d4a9a0a",
    "data": [
      {
        "text": "I want to know more about this movie",
        "userDefined": false
      }
    ],
    "isTemplate": false,
    "count": 0,
    "updated": 1530704126
  },
  {
    "id": "2ef68fe9-c770-4c1b-82e4-6e9c42b0b0b3",
    "data": [
      {
        "text": "detail the movie for me",
        "userDefined": false
      }
    ],
    "isTemplate": false,
    "count": 0,
    "updated": 1530752234
  },
  {
    "id": "7a3915a0-bd20-473e-848d-b7ee10a0fce0",
    "data": [
      {
        "text": "whats the movie\u0027s details?",
        "userDefined": false
      }
    ],
    "isTemplate": false,
    "count": 0,
    "updated": 1530752234
  },
  {
    "id": "1e53fd63-275a-4806-beef-e5964c80fbec",
    "data": [
      {
        "text": "inform me of this movie\u0027s details",
        "userDefined": false
      }
    ],
    "isTemplate": false,
    "count": 0,
    "updated": 1530752234
  },
  {
    "id": "4e918583-8358-4d57-9201-97137dfa3e36",
    "data": [
      {
        "text": "extra movie info",
        "userDefined": false
      }
    ],
    "isTemplate": false,
    "count": 0,
    "updated": 1530752234
  },
  {
    "id": "6631fff3-ab80-48f6-8c41-fc0b1cc6110a",
    "data": [
      {
        "text": "additional info",
        "userDefined": false
      }
    ],
    "isTemplate": false,
    "count": 0,
    "updated": 1530752234
  },
  {
    "id": "1a5155d3-8ab4-4e81-a243-7519f758b869",
    "data": [
      {
        "text": "tell me more about this movie",
        "userDefined": false
      }
    ],
    "isTemplate": false,
    "count": 0,
    "updated": 1530704126
  },
  {
    "id": "a25fe2f6-018f-46a8-b218-75d6d98a6a34",
    "data": [
      {
        "text": "show me ",
        "userDefined": false
      },
      {
        "text": "information",
        "alias": "movieGenre",
        "meta": "@movieGenre",
        "userDefined": false
      },
      {
        "text": " regarding this movie",
        "userDefined": false
      }
    ],
    "isTemplate": false,
    "count": 0,
    "updated": 1530704126
  },
  {
    "id": "abcc7feb-e23c-44f2-93a2-00dc5c8e7438",
    "data": [
      {
        "text": "what are this movie\u0027s genres?",
        "userDefined": false
      }
    ],
    "isTemplate": false,
    "count": 0,
    "updated": 1530704126
  },
  {
    "id": "7b44e6a3-7f82-44e0-a800-2750a28cb54a",
    "data": [
      {
        "text": "who acted in this movie?",
        "userDefined": false
      }
    ],
    "isTemplate": false,
    "count": 0,
    "updated": 1530704126
  },
  {
    "id": "5f6e6d87-93bc-4c65-b9a6-ac13183e43bc",
    "data": [
      {
        "text": "what is this movie about?",
        "userDefined": false
      }
    ],
    "isTemplate": false,
    "count": 0,
    "updated": 1530704126
  },
  {
    "id": "6c7bde99-d75d-487b-ad4b-27c4bf395872",
    "data": [
      {
        "text": "tell me the plot spoilers",
        "userDefined": false
      }
    ],
    "isTemplate": false,
    "count": 0,
    "updated": 1530704126
  },
  {
    "id": "52bce5a0-f068-4ef6-9c40-b7961c611d06",
    "data": [
      {
        "text": "plot spoilers",
        "userDefined": false
      }
    ],
    "isTemplate": false,
    "count": 0,
    "updated": 1530704126
  },
  {
    "id": "6f857725-b22c-48dc-a18b-05ae0d2d87ec",
    "data": [
      {
        "text": "more movie ",
        "userDefined": false
      },
      {
        "text": "information",
        "meta": "@sys.ignore",
        "userDefined": false
      }
    ],
    "isTemplate": false,
    "count": 0,
    "updated": 1530704126
  },
  {
    "id": "7b5fea48-5464-466a-9ba1-d6e6f128b687",
    "data": [
      {
        "text": "provide more information",
        "userDefined": false
      }
    ],
    "isTemplate": false,
    "count": 0,
    "updated": 1530704126
  },
  {
    "id": "35d7f757-83b9-48bc-86bd-19092dd5560f",
    "data": [
      {
        "text": "more movie details",
        "userDefined": false
      }
    ],
    "isTemplate": false,
    "count": 0,
    "updated": 1530704126
  },
  {
    "id": "2b32f796-be32-42d2-8b26-05c66d795a17",
    "data": [
      {
        "text": "spoil the plot for me",
        "userDefined": false
      }
    ],
    "isTemplate": false,
    "count": 0,
    "updated": 1530704126
  },
  {
    "id": "0767bb2f-8dbe-45b1-9c3e-b32723ee8fe8",
    "data": [
      {
        "text": "tell me the plot",
        "userDefined": false
      }
    ],
    "isTemplate": false,
    "count": 0,
    "updated": 1530704126
  },
  {
    "id": "606c4830-866b-4359-929c-d7ce37de6202",
    "data": [
      {
        "text": "provide movie spoilers",
        "userDefined": false
      }
    ],
    "isTemplate": false,
    "count": 0,
    "updated": 1530704126
  }
]