[
  {
    "id": "68cfd465-8ea7-452f-8db3-910e75f3b934",
    "data": [
      {
        "text": "I couldn\u0027t hear what you said",
        "userDefined": false
      }
    ],
    "isTemplate": false,
    "count": 0,
    "updated": 1530755003
  },
  {
    "id": "9c8331d6-90f6-4c7e-895f-5c416ca27b94",
    "data": [
      {
        "text": "I didn\u0027t hear that",
        "userDefined": false
      }
    ],
    "isTemplate": false,
    "count": 0,
    "updated": 1530755003
  },
  {
    "id": "0e285cf5-3944-4da0-a430-2b0abfa9dfc0",
    "data": [
      {
        "text": "I didn\u0027t hear what you said",
        "userDefined": false
      }
    ],
    "isTemplate": false,
    "count": 0,
    "updated": 1530755003
  },
  {
    "id": "0fc0eb34-d843-4b71-931e-d5a2e4a34aae",
    "data": [
      {
        "text": "what was that?",
        "userDefined": false
      }
    ],
    "isTemplate": false,
    "count": 0,
    "updated": 1530755003
  },
  {
    "id": "3aff2b1b-1847-4146-b9e8-6d56f911fbe0",
    "data": [
      {
        "text": "what?",
        "userDefined": false
      }
    ],
    "isTemplate": false,
    "count": 0,
    "updated": 1530755003
  },
  {
    "id": "2e28e431-7ee1-4bc3-a54c-070383d74854",
    "data": [
      {
        "text": "huh?",
        "userDefined": false
      }
    ],
    "isTemplate": false,
    "count": 0,
    "updated": 1530755003
  },
  {
    "id": "c9569962-9e5e-4f42-9618-3654bc52f93b",
    "data": [
      {
        "text": "what did you just say?",
        "userDefined": false
      }
    ],
    "isTemplate": false,
    "count": 0,
    "updated": 1530755003
  },
  {
    "id": "b17d48ba-6bb0-48ed-8753-c041982d3a97",
    "data": [
      {
        "text": "repeat last said",
        "userDefined": false
      }
    ],
    "isTemplate": false,
    "count": 0,
    "updated": 1530755003
  },
  {
    "id": "89a4cded-e1c5-4b57-a355-2571075bdb79",
    "data": [
      {
        "text": "say that again",
        "userDefined": false
      }
    ],
    "isTemplate": false,
    "count": 0,
    "updated": 1530755003
  },
  {
    "id": "e473da67-287a-407f-85b3-e4036425ae95",
    "data": [
      {
        "text": "come again?",
        "userDefined": false
      }
    ],
    "isTemplate": false,
    "count": 0,
    "updated": 1530755003
  },
  {
    "id": "2c183007-9f14-45d5-abbd-949bbf2e0949",
    "data": [
      {
        "text": "please repeat that",
        "userDefined": false
      }
    ],
    "isTemplate": false,
    "count": 1,
    "updated": 1530755003
  }
]