[
  {
    "id": "a305e324-17f9-4150-a6ca-ab87917b032c",
    "data": [
      {
        "text": "sigir ",
        "userDefined": false
      },
      {
        "text": "horror",
        "alias": "movieGenre",
        "meta": "@movieGenre",
        "userDefined": false
      },
      {
        "text": " movies",
        "userDefined": false
      }
    ],
    "isTemplate": false,
    "count": 0,
    "updated": 1530753942
  },
  {
    "id": "78cc55a0-9fef-4486-a4e1-3b34784e1e77",
    "data": [
      {
        "text": "horror",
        "alias": "movieGenre",
        "meta": "@movieGenre",
        "userDefined": false
      },
      {
        "text": " sigir movies",
        "userDefined": false
      }
    ],
    "isTemplate": false,
    "count": 0,
    "updated": 1530753942
  },
  {
    "id": "21f72aa9-5d68-4518-be84-ec1f2a28f41a",
    "data": [
      {
        "text": "get sigir movies filtered by ",
        "userDefined": false
      },
      {
        "text": "comedy",
        "alias": "movieGenre",
        "meta": "@movieGenre",
        "userDefined": false
      },
      {
        "text": " movies",
        "userDefined": false
      }
    ],
    "isTemplate": false,
    "count": 0,
    "updated": 1530753942
  },
  {
    "id": "f2a46394-1228-4315-af73-f79592b5c038",
    "data": [
      {
        "text": "which ",
        "userDefined": false
      },
      {
        "text": "comedy",
        "alias": "movieGenre",
        "meta": "@movieGenre",
        "userDefined": false
      },
      {
        "text": ", ",
        "userDefined": false
      },
      {
        "text": "horror",
        "alias": "movieGenre",
        "meta": "@movieGenre",
        "userDefined": false
      },
      {
        "text": " and ",
        "userDefined": false
      },
      {
        "text": "romance",
        "alias": "movieGenre",
        "meta": "@movieGenre",
        "userDefined": false
      },
      {
        "text": " movies did sigir attendees ",
        "userDefined": false
      },
      {
        "text": "upvote",
        "meta": "@sys.ignore",
        "userDefined": false
      },
      {
        "text": " the most?",
        "userDefined": false
      }
    ],
    "isTemplate": false,
    "count": 0,
    "updated": 1530753942
  },
  {
    "id": "c68a5bd3-89ea-46a2-8db5-981103d06ffd",
    "data": [
      {
        "text": "show which ",
        "userDefined": false
      },
      {
        "text": "horror",
        "meta": "@sys.ignore",
        "userDefined": false
      },
      {
        "text": " ",
        "userDefined": false
      },
      {
        "text": "romance",
        "alias": "movieGenre",
        "meta": "@movieGenre",
        "userDefined": false
      },
      {
        "text": " movies SIGIR users ",
        "userDefined": false
      },
      {
        "text": "like",
        "meta": "@sys.ignore",
        "userDefined": false
      },
      {
        "text": " the most",
        "userDefined": false
      }
    ],
    "isTemplate": false,
    "count": 0,
    "updated": 1530753942
  },
  {
    "id": "78fddb95-27c3-439e-9746-5bf05e51110d",
    "data": [
      {
        "text": "tell me what ",
        "userDefined": false
      },
      {
        "text": "comedy",
        "alias": "movieGenre",
        "meta": "@movieGenre",
        "userDefined": false
      },
      {
        "text": " movies SIGIR ",
        "userDefined": false
      },
      {
        "text": "likes",
        "meta": "@sys.ignore",
        "userDefined": false
      }
    ],
    "isTemplate": false,
    "count": 0,
    "updated": 1530753942
  },
  {
    "id": "f1213818-8857-49b9-a9b9-231e9d32de27",
    "data": [
      {
        "text": "what ",
        "userDefined": false
      },
      {
        "text": "horror",
        "alias": "movieGenre",
        "meta": "@movieGenre",
        "userDefined": true
      },
      {
        "text": " ",
        "userDefined": false
      },
      {
        "text": "comedy",
        "alias": "movieGenre",
        "meta": "@movieGenre",
        "userDefined": true
      },
      {
        "text": " movies do SIGIR attendees ",
        "userDefined": false
      },
      {
        "text": "like",
        "meta": "@sys.ignore",
        "userDefined": false
      },
      {
        "text": "?",
        "userDefined": false
      }
    ],
    "isTemplate": false,
    "count": 0,
    "updated": 1530753942
  },
  {
    "id": "16467135-3c7a-4e1a-a4a8-947155c4c54d",
    "data": [
      {
        "text": "show me what movies SIGIR attendees like",
        "userDefined": false
      }
    ],
    "isTemplate": false,
    "count": 0,
    "updated": 1530753942
  },
  {
    "id": "80da0a16-412e-46f9-a27a-993f0d9f8b88",
    "data": [
      {
        "text": "What movies do SIGIR ",
        "userDefined": false
      },
      {
        "text": "2018",
        "meta": "@sys.ignore",
        "userDefined": false
      },
      {
        "text": " attendees like?",
        "userDefined": false
      }
    ],
    "isTemplate": false,
    "count": 0,
    "updated": 1530753942
  },
  {
    "id": "1998a237-3bb9-4a49-8a28-242b27bb4372",
    "data": [
      {
        "text": "Movies rated by SIGIR attendees",
        "userDefined": false
      }
    ],
    "isTemplate": false,
    "count": 0,
    "updated": 1530753942
  },
  {
    "id": "6abec629-2fbc-4962-9392-2317df539a95",
    "data": [
      {
        "text": "SIGIR Movies",
        "userDefined": false
      }
    ],
    "isTemplate": false,
    "count": 0,
    "updated": 1530753942
  },
  {
    "id": "2afa3663-3d3f-4f39-a8cf-90f167259280",
    "data": [
      {
        "text": "🎥 SIGIR Movies",
        "userDefined": false
      }
    ],
    "isTemplate": false,
    "count": 0,
    "updated": 1530753942
  }
]