[
  {
    "id": "acfcc963-ace8-424b-860c-d5caa88beb44",
    "data": [
      {
        "text": "tell me about the demo",
        "userDefined": false
      }
    ],
    "isTemplate": false,
    "count": 0,
    "updated": 1530753326
  },
  {
    "id": "4ae73ac9-c8f6-437e-a7f1-1c5dbb1543ff",
    "data": [
      {
        "text": "sigir ",
        "userDefined": false
      },
      {
        "text": "2018",
        "alias": "number",
        "meta": "@sys.number",
        "userDefined": false
      },
      {
        "text": " overview",
        "userDefined": false
      }
    ],
    "isTemplate": false,
    "count": 0,
    "updated": 1530753326
  },
  {
    "id": "e6fc197e-8f78-4343-87d4-16bcae2aca00",
    "data": [
      {
        "text": "explore sigir ",
        "userDefined": false
      },
      {
        "text": "2018",
        "alias": "number",
        "meta": "@sys.number",
        "userDefined": false
      },
      {
        "text": " functionality",
        "userDefined": false
      }
    ],
    "isTemplate": false,
    "count": 0,
    "updated": 1530753326
  },
  {
    "id": "9125276a-df3a-4809-85a0-769f37b0630a",
    "data": [
      {
        "text": "trigger sigir demo",
        "userDefined": false
      }
    ],
    "isTemplate": false,
    "count": 0,
    "updated": 1530753326
  },
  {
    "id": "5ef5cc09-6004-41de-8573-36551ea50a29",
    "data": [
      {
        "text": "trigger sigir function",
        "userDefined": false
      }
    ],
    "isTemplate": false,
    "count": 0,
    "updated": 1530753326
  },
  {
    "id": "4dc32c1f-7a3b-4c0d-930f-706cecca077e",
    "data": [
      {
        "text": "demonstrate sigir functionality",
        "userDefined": false
      }
    ],
    "isTemplate": false,
    "count": 0,
    "updated": 1530753326
  },
  {
    "id": "e05c6a52-aa29-4b18-811e-bb376c3af0d7",
    "data": [
      {
        "text": "explain the vote goat poster demo",
        "userDefined": false
      }
    ],
    "isTemplate": false,
    "count": 0,
    "updated": 1530753326
  },
  {
    "id": "a21eac81-d5f3-4205-a252-1223c8cdeced",
    "data": [
      {
        "text": "information",
        "alias": "movieGenre",
        "meta": "@movieGenre",
        "userDefined": false
      },
      {
        "text": " about sigir ",
        "userDefined": false
      },
      {
        "text": "2018",
        "alias": "number",
        "meta": "@sys.number",
        "userDefined": false
      },
      {
        "text": " demonstration",
        "userDefined": false
      }
    ],
    "isTemplate": false,
    "count": 0,
    "updated": 1530753326
  },
  {
    "id": "cb8001d5-21f5-49da-9bd0-b9279baba418",
    "data": [
      {
        "text": "poster demonstration",
        "userDefined": false
      }
    ],
    "isTemplate": false,
    "count": 0,
    "updated": 1530753326
  },
  {
    "id": "eef8edc1-c487-4887-b7b1-6b6d224cd971",
    "data": [
      {
        "text": "SIGIR ",
        "userDefined": false
      },
      {
        "text": "2018",
        "alias": "number",
        "meta": "@sys.number",
        "userDefined": false
      },
      {
        "text": " demo",
        "userDefined": false
      }
    ],
    "isTemplate": false,
    "count": 0,
    "updated": 1530753326
  },
  {
    "id": "489f2452-8a57-48fb-84b5-d7e9a8bc0be5",
    "data": [
      {
        "text": "seg eye are demo",
        "userDefined": false
      }
    ],
    "isTemplate": false,
    "count": 0,
    "updated": 1530753326
  },
  {
    "id": "5c7fee0e-3545-41e6-876a-b73d15fe7bf2",
    "data": [
      {
        "text": "💾 SIGIR demo",
        "userDefined": false
      }
    ],
    "isTemplate": false,
    "count": 0,
    "updated": 1530753326
  },
  {
    "id": "6f2688d0-d366-49fd-b404-bda911783dde",
    "data": [
      {
        "text": "sig ir conference demonstration",
        "userDefined": false
      }
    ],
    "isTemplate": false,
    "count": 0,
    "updated": 1530753326
  },
  {
    "id": "5a704307-86eb-4050-9fae-c27fbeb9e271",
    "data": [
      {
        "text": "demo for sig ir",
        "userDefined": false
      }
    ],
    "isTemplate": false,
    "count": 0,
    "updated": 1530753326
  },
  {
    "id": "43cac86e-4b35-4959-be6c-fb10f38f91b0",
    "data": [
      {
        "text": "sig ir demo",
        "userDefined": false
      }
    ],
    "isTemplate": false,
    "count": 0,
    "updated": 1530753326
  },
  {
    "id": "2930aec4-3cf8-4174-b61b-96042e00b95e",
    "data": [
      {
        "text": "sigir demo",
        "userDefined": false
      }
    ],
    "isTemplate": false,
    "count": 0,
    "updated": 1530753326
  },
  {
    "id": "b26cff80-1896-4291-9be1-38c10c82d073",
    "data": [
      {
        "text": "sigir2018",
        "userDefined": false
      }
    ],
    "isTemplate": false,
    "count": 0,
    "updated": 1530753326
  }
]