[
  {
    "id": "1d8ce78a-0136-4a15-b8b8-aec48d45ed74",
    "data": [
      {
        "text": "nah",
        "alias": "voting",
        "meta": "@voting",
        "userDefined": false
      }
    ],
    "isTemplate": false,
    "count": 0,
    "updated": 1530752091
  },
  {
    "id": "318a6f7c-7d3a-441b-8da0-7fcee8259f62",
    "data": [
      {
        "text": "why not",
        "alias": "voting",
        "meta": "@voting",
        "userDefined": true
      },
      {
        "text": "? it looks ",
        "userDefined": false
      },
      {
        "text": "alright",
        "alias": "voting",
        "meta": "@voting",
        "userDefined": true
      }
    ],
    "isTemplate": false,
    "count": 0,
    "updated": 1530752091
  },
  {
    "id": "1138ddf5-336d-4717-8c91-29515dddac68",
    "data": [
      {
        "text": "downvote",
        "alias": "voting",
        "meta": "@voting",
        "userDefined": true
      },
      {
        "text": " this movie",
        "userDefined": false
      }
    ],
    "isTemplate": false,
    "count": 0,
    "updated": 1530754184
  },
  {
    "id": "ad91a6d9-9dc1-4518-91b4-2e7aaca57345",
    "data": [
      {
        "text": "Yes",
        "alias": "voting",
        "meta": "@voting",
        "userDefined": false
      },
      {
        "text": ", ",
        "userDefined": false
      },
      {
        "text": "I would watch",
        "alias": "voting",
        "meta": "@voting",
        "userDefined": true
      },
      {
        "text": " Shrek",
        "userDefined": false
      }
    ],
    "isTemplate": false,
    "count": 0,
    "updated": 1530754184
  },
  {
    "id": "4c6e2316-0f34-465f-bf3a-c956ddc6300d",
    "data": [
      {
        "text": "I\u0027m ",
        "userDefined": false
      },
      {
        "text": "uninterested",
        "alias": "voting",
        "meta": "@voting",
        "userDefined": true
      }
    ],
    "isTemplate": false,
    "count": 0,
    "updated": 1530754184
  },
  {
    "id": "38a0713d-198d-4ae7-999b-ec2014b52b4a",
    "data": [
      {
        "text": "nah",
        "alias": "voting",
        "meta": "@voting",
        "userDefined": false
      },
      {
        "text": " man, that\u0027s an ",
        "userDefined": false
      },
      {
        "text": "awful",
        "alias": "voting",
        "meta": "@voting",
        "userDefined": true
      },
      {
        "text": " movie",
        "userDefined": false
      }
    ],
    "isTemplate": false,
    "count": 0,
    "updated": 1530754184
  },
  {
    "id": "3b188e8f-53c3-4bd7-922d-f0e01025aa9e",
    "data": [
      {
        "text": "no",
        "alias": "voting",
        "meta": "@voting",
        "userDefined": true
      }
    ],
    "isTemplate": false,
    "count": 0,
    "updated": 1530752091
  },
  {
    "id": "6abfc088-e308-4978-bddb-fd111278f3f8",
    "data": [
      {
        "text": "nah",
        "alias": "voting",
        "meta": "@voting",
        "userDefined": false
      },
      {
        "text": " man, that\u0027s a ",
        "userDefined": false
      },
      {
        "text": "garbage",
        "alias": "voting",
        "meta": "@voting",
        "userDefined": false
      },
      {
        "text": " movie",
        "userDefined": false
      }
    ],
    "isTemplate": false,
    "count": 0,
    "updated": 1530754184
  },
  {
    "id": "a4d59834-40e3-4ff7-b021-cff83e1b0b87",
    "data": [
      {
        "text": "I\u0027d ",
        "userDefined": false
      },
      {
        "text": "maybe",
        "alias": "voting",
        "meta": "@voting",
        "userDefined": true
      },
      {
        "text": " watch this movie",
        "userDefined": false
      }
    ],
    "isTemplate": false,
    "count": 0,
    "updated": 1530754184
  },
  {
    "id": "67652072-3ebc-4ac9-a590-e757706aa148",
    "data": [
      {
        "text": "I ",
        "userDefined": false
      },
      {
        "text": "like",
        "alias": "voting",
        "meta": "@voting",
        "userDefined": true
      },
      {
        "text": " this movie",
        "userDefined": false
      }
    ],
    "isTemplate": false,
    "count": 0,
    "updated": 1530752091
  },
  {
    "id": "649b73ab-5c20-4630-87ee-43b51200e60a",
    "data": [
      {
        "text": "Yes",
        "alias": "voting",
        "meta": "@voting",
        "userDefined": false
      },
      {
        "text": ", ",
        "userDefined": false
      },
      {
        "text": "I would watch",
        "alias": "voting",
        "meta": "@voting",
        "userDefined": true
      },
      {
        "text": " Die Hard",
        "userDefined": false
      }
    ],
    "isTemplate": false,
    "count": 0,
    "updated": 1530752091
  },
  {
    "id": "9b51b4f5-84e4-4dba-90c1-a81b420f0367",
    "data": [
      {
        "text": "ya",
        "alias": "voting",
        "meta": "@voting",
        "userDefined": false
      },
      {
        "text": ", I\u0027d consider watching",
        "userDefined": false
      }
    ],
    "isTemplate": false,
    "count": 0,
    "updated": 1530752091
  },
  {
    "id": "6688e5df-2233-4f76-b10d-3c86c9bcaab7",
    "data": [
      {
        "text": "No",
        "alias": "voting",
        "meta": "@voting",
        "userDefined": true
      },
      {
        "text": ", I ",
        "userDefined": false
      },
      {
        "text": "wouldn\u0027t",
        "alias": "voting",
        "meta": "@voting",
        "userDefined": true
      },
      {
        "text": " watch Finding Nemo",
        "userDefined": false
      }
    ],
    "isTemplate": false,
    "count": 0,
    "updated": 1530752091
  },
  {
    "id": "b4147950-7c70-444e-a195-53aa15c66223",
    "data": [
      {
        "text": "that\u0027s a load of ",
        "userDefined": false
      },
      {
        "text": "crap",
        "alias": "voting",
        "meta": "@voting",
        "userDefined": false
      }
    ],
    "isTemplate": false,
    "count": 0,
    "updated": 1530752091
  },
  {
    "id": "70927c87-0364-4a88-a468-c873f388a159",
    "data": [
      {
        "text": "👍",
        "alias": "voting",
        "meta": "@voting",
        "userDefined": true
      }
    ],
    "isTemplate": false,
    "count": 0,
    "updated": 1530752091
  },
  {
    "id": "4d6cd57f-ccad-4ef6-bb07-7b9d76cb033c",
    "data": [
      {
        "text": "maybe",
        "alias": "voting",
        "meta": "@voting",
        "userDefined": true
      }
    ],
    "isTemplate": false,
    "count": 0,
    "updated": 1530752091
  },
  {
    "id": "9f6fbe21-bdd2-4f35-a58b-e886f7013050",
    "data": [
      {
        "text": "upvote",
        "alias": "voting",
        "meta": "@voting",
        "userDefined": false
      }
    ],
    "isTemplate": false,
    "count": 0,
    "updated": 1530752091
  },
  {
    "id": "bcb51377-2a51-466e-8b58-9f4dbede2e28",
    "data": [
      {
        "text": "I ",
        "userDefined": false
      },
      {
        "text": "don\u0027t like",
        "alias": "voting",
        "meta": "@voting",
        "userDefined": true
      },
      {
        "text": " this movie",
        "userDefined": false
      }
    ],
    "isTemplate": false,
    "count": 0,
    "updated": 1530752091
  },
  {
    "id": "d2e366cc-c84e-4264-8a18-634aaca4facb",
    "data": [
      {
        "text": "certainly",
        "alias": "voting",
        "meta": "@voting",
        "userDefined": true
      },
      {
        "text": ", it\u0027s a ",
        "userDefined": false
      },
      {
        "text": "good",
        "alias": "voting",
        "meta": "@voting",
        "userDefined": true
      },
      {
        "text": " movie",
        "userDefined": false
      }
    ],
    "isTemplate": false,
    "count": 0,
    "updated": 1530752091
  },
  {
    "id": "41714bfb-b496-4336-b053-79d36098c4dc",
    "data": [
      {
        "text": "I\u0027d watch",
        "alias": "voting",
        "meta": "@voting",
        "userDefined": false
      },
      {
        "text": " it!",
        "userDefined": false
      }
    ],
    "isTemplate": false,
    "count": 0,
    "updated": 1530752091
  },
  {
    "id": "95f75e91-f96a-4ae2-ae7e-78e116082a1b",
    "data": [
      {
        "text": "amen",
        "alias": "voting",
        "meta": "@voting",
        "userDefined": true
      },
      {
        "text": " brother, this is an ",
        "userDefined": false
      },
      {
        "text": "excellent",
        "alias": "voting",
        "meta": "@voting",
        "userDefined": true
      },
      {
        "text": " movie!",
        "userDefined": false
      }
    ],
    "isTemplate": false,
    "count": 0,
    "updated": 1530752091
  },
  {
    "id": "4122d7ea-593d-4433-9fe5-868318da6c1f",
    "data": [
      {
        "text": "That\u0027s a ",
        "userDefined": false
      },
      {
        "text": "shit",
        "alias": "voting",
        "meta": "@voting",
        "userDefined": false
      },
      {
        "text": " movie",
        "userDefined": false
      }
    ],
    "isTemplate": false,
    "count": 0,
    "updated": 1530752091
  },
  {
    "id": "54bf3913-ff83-4588-955c-bb98f72bcd6b",
    "data": [
      {
        "text": "hell ",
        "userDefined": false
      },
      {
        "text": "yeah",
        "alias": "voting",
        "meta": "@voting",
        "userDefined": false
      },
      {
        "text": ", I\u0027ll watch that movie for ",
        "userDefined": false
      },
      {
        "text": "sure",
        "alias": "voting",
        "meta": "@voting",
        "userDefined": false
      }
    ],
    "isTemplate": false,
    "count": 0,
    "updated": 1530752091
  },
  {
    "id": "93b51c1e-0c88-4433-9b43-adbff0cf3b59",
    "data": [
      {
        "text": "nay",
        "alias": "voting",
        "meta": "@voting",
        "userDefined": true
      },
      {
        "text": ", it\u0027s a ",
        "userDefined": false
      },
      {
        "text": "terrible",
        "alias": "voting",
        "meta": "@voting",
        "userDefined": true
      },
      {
        "text": " film",
        "userDefined": false
      }
    ],
    "isTemplate": false,
    "count": 0,
    "updated": 1530752091
  },
  {
    "id": "8b5395f1-55bf-4031-8263-874b3b9ec52a",
    "data": [
      {
        "text": "nah",
        "alias": "voting",
        "meta": "@voting",
        "userDefined": true
      },
      {
        "text": ", ",
        "userDefined": false
      },
      {
        "text": "I\u0027d never",
        "alias": "voting",
        "meta": "@voting",
        "userDefined": true
      },
      {
        "text": " consider watching",
        "userDefined": false
      }
    ],
    "isTemplate": false,
    "count": 0,
    "updated": 1530752091
  },
  {
    "id": "864c26dd-7769-47a4-a971-1df4b33efeca",
    "data": [
      {
        "text": "yes",
        "alias": "voting",
        "meta": "@voting",
        "userDefined": false
      }
    ],
    "isTemplate": false,
    "count": 0,
    "updated": 1530752091
  },
  {
    "id": "2827bf23-91a9-4cac-9e77-66acf2fa237a",
    "data": [
      {
        "text": "no thanks, I\u0027m not interested",
        "userDefined": false
      }
    ],
    "isTemplate": false,
    "count": 0,
    "updated": 1530752091
  },
  {
    "id": "9bee56e4-a903-4b1f-ae79-f055d004b576",
    "data": [
      {
        "text": "Pigs will fly",
        "alias": "voting",
        "meta": "@voting",
        "userDefined": true
      },
      {
        "text": " before I watch this movie",
        "userDefined": false
      }
    ],
    "isTemplate": false,
    "count": 0,
    "updated": 1530752091
  },
  {
    "id": "18e0099d-84cc-407d-8cdd-86c3ec439c8a",
    "data": [
      {
        "text": "Are you ",
        "userDefined": false
      },
      {
        "text": "joking",
        "alias": "voting",
        "meta": "@voting",
        "userDefined": true
      },
      {
        "text": "?",
        "userDefined": false
      }
    ],
    "isTemplate": false,
    "count": 0,
    "updated": 1530752091
  },
  {
    "id": "b63ed014-85a9-4386-bbcc-7e1e8de6c724",
    "data": [
      {
        "text": "yes ",
        "userDefined": false
      },
      {
        "text": "I would",
        "alias": "voting",
        "meta": "@voting",
        "userDefined": true
      },
      {
        "text": " watch",
        "userDefined": false
      }
    ],
    "isTemplate": false,
    "count": 0,
    "updated": 1530752091
  },
  {
    "id": "8108f0c1-a58e-4c08-a9fc-75e638dcebb3",
    "data": [
      {
        "text": "It looks ",
        "userDefined": false
      },
      {
        "text": "like",
        "alias": "voting",
        "meta": "@voting",
        "userDefined": false
      },
      {
        "text": " a ",
        "userDefined": false
      },
      {
        "text": "terrible",
        "alias": "voting",
        "meta": "@voting",
        "userDefined": true
      },
      {
        "text": " movie",
        "userDefined": false
      }
    ],
    "isTemplate": false,
    "count": 0,
    "updated": 1530752091
  },
  {
    "id": "3053213d-532d-4b5f-9c7d-86612695dc64",
    "data": [
      {
        "text": "I ",
        "userDefined": false
      },
      {
        "text": "hate",
        "alias": "voting",
        "meta": "@voting",
        "userDefined": true
      },
      {
        "text": " movies like this",
        "userDefined": false
      }
    ],
    "isTemplate": false,
    "count": 0,
    "updated": 1530752091
  },
  {
    "id": "6dbe5b15-fa01-4842-b028-9517494cef5d",
    "data": [
      {
        "text": "👎",
        "alias": "voting",
        "meta": "@voting",
        "userDefined": true
      }
    ],
    "isTemplate": false,
    "count": 0,
    "updated": 1530752091
  },
  {
    "id": "3b76dedf-05df-447e-8733-820213ff0964",
    "data": [
      {
        "text": "this movie deserves a ",
        "userDefined": false
      },
      {
        "text": "downvote",
        "alias": "voting",
        "meta": "@voting",
        "userDefined": true
      }
    ],
    "isTemplate": false,
    "count": 0,
    "updated": 1530752091
  },
  {
    "id": "a3cc67f0-4a0d-4479-9a81-5e61c0e177d1",
    "data": [
      {
        "text": "downvote",
        "alias": "voting",
        "meta": "@voting",
        "userDefined": false
      }
    ],
    "isTemplate": false,
    "count": 1,
    "updated": 1530752091
  },
  {
    "id": "f6706cd3-d1c5-47a0-afd2-3df8121db08a",
    "data": [
      {
        "text": "never",
        "alias": "voting",
        "meta": "@voting",
        "userDefined": true
      },
      {
        "text": " show me this movie again",
        "userDefined": false
      }
    ],
    "isTemplate": false,
    "count": 0,
    "updated": 1530752091
  },
  {
    "id": "7749ea2b-4acb-4a27-a6e3-7e7b3fe64e4e",
    "data": [
      {
        "text": "no",
        "alias": "voting",
        "meta": "@voting",
        "userDefined": true
      },
      {
        "text": ", I ",
        "userDefined": false
      },
      {
        "text": "wouldn\u0027t",
        "alias": "voting",
        "meta": "@voting",
        "userDefined": false
      }
    ],
    "isTemplate": false,
    "count": 0,
    "updated": 1530752091
  },
  {
    "id": "960d16de-560e-492f-ac9d-3eb355b5d3d5",
    "data": [
      {
        "text": "never",
        "alias": "voting",
        "meta": "@voting",
        "userDefined": false
      },
      {
        "text": " in a million years ",
        "userDefined": false
      },
      {
        "text": "would",
        "alias": "voting",
        "meta": "@voting",
        "userDefined": false
      },
      {
        "text": " I ever watch that movie",
        "userDefined": false
      }
    ],
    "isTemplate": false,
    "count": 0,
    "updated": 1530752091
  },
  {
    "id": "74c7a4e9-e7b2-4196-94f9-5e65bea02f3a",
    "data": [
      {
        "text": "no thanks",
        "userDefined": false
      }
    ],
    "isTemplate": false,
    "count": 0,
    "updated": 1530752091
  },
  {
    "id": "05e17053-d9a4-4cc1-b1bc-69640863639c",
    "data": [
      {
        "text": "No",
        "alias": "voting",
        "meta": "@voting",
        "userDefined": true
      },
      {
        "text": ", I ",
        "userDefined": false
      },
      {
        "text": "don\u0027t",
        "alias": "voting",
        "meta": "@voting",
        "userDefined": true
      },
      {
        "text": " want to watch Oceans Eleven",
        "userDefined": false
      }
    ],
    "isTemplate": false,
    "count": 0,
    "updated": 1530752091
  },
  {
    "id": "42a9a194-7d26-4cf8-9061-7c9e54c5084a",
    "data": [
      {
        "text": "I ",
        "userDefined": false
      },
      {
        "text": "love",
        "alias": "voting",
        "meta": "@voting",
        "userDefined": false
      },
      {
        "text": " that film",
        "userDefined": false
      }
    ],
    "isTemplate": false,
    "count": 0,
    "updated": 1530752091
  },
  {
    "id": "9b2f1d50-c3f7-4d68-9c7d-d3a14e879731",
    "data": [
      {
        "text": "I\u0027m ",
        "userDefined": false
      },
      {
        "text": "not interested",
        "alias": "voting",
        "meta": "@voting",
        "userDefined": true
      },
      {
        "text": " in this movie",
        "userDefined": false
      }
    ],
    "isTemplate": false,
    "count": 0,
    "updated": 1530752091
  },
  {
    "id": "cd892150-1269-4dfe-bf02-a5c711b72c20",
    "data": [
      {
        "text": "I ",
        "userDefined": false
      },
      {
        "text": "wouldn\u0027t like",
        "alias": "voting",
        "meta": "@voting",
        "userDefined": true
      },
      {
        "text": " this movie",
        "userDefined": false
      }
    ],
    "isTemplate": false,
    "count": 0,
    "updated": 1530752091
  },
  {
    "id": "f14263c2-8d0d-47fc-847d-2925d2c77545",
    "data": [
      {
        "text": "hell ",
        "userDefined": false
      },
      {
        "text": "no",
        "alias": "voting",
        "meta": "@voting",
        "userDefined": true
      },
      {
        "text": ", I would ",
        "userDefined": false
      },
      {
        "text": "never",
        "alias": "voting",
        "meta": "@voting",
        "userDefined": true
      },
      {
        "text": " watch a movie like this",
        "userDefined": false
      }
    ],
    "isTemplate": false,
    "count": 0,
    "updated": 1530752091
  },
  {
    "id": "111fcc57-5d65-4917-8f02-ab80defbd469",
    "data": [
      {
        "text": "I\u0027d ",
        "userDefined": false
      },
      {
        "text": "never",
        "alias": "voting",
        "meta": "@voting",
        "userDefined": true
      },
      {
        "text": " watch this movie",
        "userDefined": false
      }
    ],
    "isTemplate": false,
    "count": 0,
    "updated": 1530752091
  },
  {
    "id": "0cfdb4ee-602a-4516-abd8-e81e7ece26ac",
    "data": [
      {
        "text": "yes",
        "alias": "voting",
        "meta": "@voting",
        "userDefined": true
      },
      {
        "text": ", ",
        "userDefined": false
      },
      {
        "text": "I like",
        "alias": "voting",
        "meta": "@voting",
        "userDefined": true
      },
      {
        "text": " this movie",
        "userDefined": false
      }
    ],
    "isTemplate": false,
    "count": 0,
    "updated": 1530752091
  },
  {
    "id": "6a9d8813-18f1-494f-a740-f1b9433bfbb4",
    "data": [
      {
        "text": "I\u0027d ",
        "userDefined": false
      },
      {
        "text": "love",
        "alias": "voting",
        "meta": "@voting",
        "userDefined": false
      },
      {
        "text": " to watch this film",
        "userDefined": false
      }
    ],
    "isTemplate": false,
    "count": 0,
    "updated": 1530752091
  },
  {
    "id": "a4ba08c0-5fbf-4bbd-af95-ab760e959d85",
    "data": [
      {
        "text": "Yeah",
        "alias": "voting",
        "meta": "@voting",
        "userDefined": false
      },
      {
        "text": ", ",
        "userDefined": false
      },
      {
        "text": "I\u0027d watch",
        "alias": "voting",
        "meta": "@voting",
        "userDefined": true
      },
      {
        "text": " Finding Nemo",
        "userDefined": false
      }
    ],
    "isTemplate": false,
    "count": 1,
    "updated": 1530752091
  },
  {
    "id": "68311586-cb83-46e8-b897-c469e59b81ea",
    "data": [
      {
        "text": "I\u0027m interested",
        "alias": "voting",
        "meta": "@voting",
        "userDefined": false
      },
      {
        "text": " in watching this movie",
        "userDefined": false
      }
    ],
    "isTemplate": false,
    "count": 0,
    "updated": 1530752091
  },
  {
    "id": "c8809f42-cc6a-46d1-a6ad-e159e7a4af84",
    "data": [
      {
        "text": "perhaps",
        "alias": "voting",
        "meta": "@voting",
        "userDefined": true
      },
      {
        "text": ", it sounds ",
        "userDefined": false
      },
      {
        "text": "alright",
        "alias": "voting",
        "meta": "@voting",
        "userDefined": true
      }
    ],
    "isTemplate": false,
    "count": 0,
    "updated": 1530752091
  },
  {
    "id": "2ba6ff9f-f5be-4ecc-b129-43b632b51020",
    "data": [
      {
        "text": "of ",
        "userDefined": false
      },
      {
        "text": "course",
        "alias": "voting",
        "meta": "@voting",
        "userDefined": true
      },
      {
        "text": ", I\u0027d ",
        "userDefined": false
      },
      {
        "text": "love",
        "alias": "voting",
        "meta": "@voting",
        "userDefined": true
      },
      {
        "text": " to watch this film",
        "userDefined": false
      }
    ],
    "isTemplate": false,
    "count": 0,
    "updated": 1530752091
  },
  {
    "id": "9bf4afda-398d-4853-8c0c-1605385305a0",
    "data": [
      {
        "text": "I\u0027ll watch this ",
        "userDefined": false
      },
      {
        "text": "when pigs fly",
        "alias": "voting",
        "meta": "@voting",
        "userDefined": true
      }
    ],
    "isTemplate": false,
    "count": 0,
    "updated": 1530752091
  },
  {
    "id": "54c3b179-1540-44c7-8faa-157827f0a686",
    "data": [
      {
        "text": "No",
        "alias": "voting",
        "meta": "@voting",
        "userDefined": true
      },
      {
        "text": " I ",
        "userDefined": false
      },
      {
        "text": "wouldn\u0027t",
        "alias": "voting",
        "meta": "@voting",
        "userDefined": true
      },
      {
        "text": " watch",
        "userDefined": false
      }
    ],
    "isTemplate": false,
    "count": 0,
    "updated": 1530752091
  },
  {
    "id": "799d37ff-ec97-4ede-8063-509e11a383e1",
    "data": [
      {
        "text": "Yes",
        "alias": "voting",
        "meta": "@voting",
        "userDefined": false
      },
      {
        "text": ", ",
        "userDefined": false
      },
      {
        "text": "I would watch",
        "alias": "voting",
        "meta": "@voting",
        "userDefined": true
      },
      {
        "text": " Finding Nemo",
        "userDefined": false
      }
    ],
    "isTemplate": false,
    "count": 0,
    "updated": 1530752091
  },
  {
    "id": "368cc25a-7020-4530-b932-7d533ab08626",
    "data": [
      {
        "text": "that ",
        "userDefined": false
      },
      {
        "text": "garbage",
        "alias": "voting",
        "meta": "@voting",
        "userDefined": false
      },
      {
        "text": " is the ",
        "userDefined": false
      },
      {
        "text": "worst",
        "alias": "voting",
        "meta": "@voting",
        "userDefined": false
      },
      {
        "text": " movie I\u0027ve ever seen",
        "userDefined": false
      }
    ],
    "isTemplate": false,
    "count": 0,
    "updated": 1530752091
  },
  {
    "id": "05218b8b-b154-4df7-a04c-7871bf8f0a1e",
    "data": [
      {
        "text": "looks ",
        "userDefined": false
      },
      {
        "text": "like",
        "alias": "voting",
        "meta": "@voting",
        "userDefined": false
      },
      {
        "text": " a ",
        "userDefined": false
      },
      {
        "text": "good",
        "alias": "voting",
        "meta": "@voting",
        "userDefined": false
      },
      {
        "text": " movie",
        "userDefined": false
      }
    ],
    "isTemplate": false,
    "count": 0,
    "updated": 1530752091
  },
  {
    "id": "d05eccc0-dc8c-4262-aa66-76fb25721a40",
    "data": [
      {
        "text": "aye",
        "alias": "voting",
        "meta": "@voting",
        "userDefined": false
      },
      {
        "text": ", I\u0027d watch that",
        "userDefined": false
      }
    ],
    "isTemplate": false,
    "count": 0,
    "updated": 1530752091
  },
  {
    "id": "ee91267e-a179-4ce2-8045-d4edaa881d2e",
    "data": [
      {
        "text": "I\u0027d ",
        "userDefined": false
      },
      {
        "text": "gladly",
        "alias": "voting",
        "meta": "@voting",
        "userDefined": true
      },
      {
        "text": " watch this movie",
        "userDefined": false
      }
    ],
    "isTemplate": false,
    "count": 0,
    "updated": 1530752091
  },
  {
    "id": "8f8ead75-3071-4ec1-808a-96735acee486",
    "data": [
      {
        "text": "Are you ",
        "userDefined": false
      },
      {
        "text": "having a laugh",
        "alias": "voting",
        "meta": "@voting",
        "userDefined": true
      },
      {
        "text": ", mate?",
        "userDefined": false
      }
    ],
    "isTemplate": false,
    "count": 0,
    "updated": 1530752091
  },
  {
    "id": "be3dee72-3253-4535-a036-0be436f8b690",
    "data": [
      {
        "text": "No",
        "alias": "voting",
        "meta": "@voting",
        "userDefined": true
      },
      {
        "text": ", I ",
        "userDefined": false
      },
      {
        "text": "wouldn\u0027t",
        "alias": "voting",
        "meta": "@voting",
        "userDefined": false
      },
      {
        "text": " watch Die Hard",
        "userDefined": false
      }
    ],
    "isTemplate": false,
    "count": 0,
    "updated": 1530752091
  },
  {
    "id": "29ed0fb0-946a-45df-b693-289c72100c31",
    "data": [
      {
        "text": "never",
        "alias": "voting",
        "meta": "@voting",
        "userDefined": true
      },
      {
        "text": " ",
        "userDefined": false
      },
      {
        "text": "in a million years",
        "alias": "voting",
        "meta": "@voting",
        "userDefined": true
      },
      {
        "text": " would I consider watching this film",
        "userDefined": false
      }
    ],
    "isTemplate": false,
    "count": 0,
    "updated": 1530752091
  },
  {
    "id": "acf36d43-6b8b-4553-bf4b-7187f1e3308c",
    "data": [
      {
        "text": "👇🔻",
        "alias": "voting",
        "meta": "@voting",
        "userDefined": false
      },
      {
        "text": "⤵️📉↘",
        "userDefined": false
      },
      {
        "text": "️😡",
        "alias": "voting",
        "meta": "@voting",
        "userDefined": false
      },
      {
        "text": "😠👿",
        "userDefined": false
      },
      {
        "text": "💢😞",
        "alias": "voting",
        "meta": "@voting",
        "userDefined": false
      },
      {
        "text": "😔😣",
        "alias": "voting",
        "meta": "@voting",
        "userDefined": false
      },
      {
        "text": "😩😢",
        "alias": "voting",
        "meta": "@voting",
        "userDefined": false
      },
      {
        "text": "😭😿",
        "alias": "voting",
        "meta": "@voting",
        "userDefined": false
      },
      {
        "text": "🙅😠",
        "alias": "voting",
        "meta": "@voting",
        "userDefined": false
      },
      {
        "text": "🙁",
        "alias": "voting",
        "meta": "@voting",
        "userDefined": false
      }
    ],
    "isTemplate": false,
    "count": 0,
    "updated": 1530752091
  },
  {
    "id": "22112ab3-8990-4b32-9323-549496ea4741",
    "data": [
      {
        "text": "😄😍",
        "alias": "voting",
        "meta": "@voting",
        "userDefined": false
      },
      {
        "text": "😀😁",
        "alias": "voting",
        "meta": "@voting",
        "userDefined": false
      },
      {
        "text": "😄😊",
        "alias": "voting",
        "meta": "@voting",
        "userDefined": false
      },
      {
        "text": "🙂🙃",
        "alias": "voting",
        "meta": "@voting",
        "userDefined": false
      },
      {
        "text": "😜😃",
        "alias": "voting",
        "meta": "@voting",
        "userDefined": false
      },
      {
        "text": " ",
        "userDefined": false
      },
      {
        "text": "😏 😸",
        "alias": "voting",
        "meta": "@voting",
        "userDefined": false
      },
      {
        "text": " ",
        "userDefined": false
      },
      {
        "text": "😺 😂",
        "alias": "voting",
        "meta": "@voting",
        "userDefined": false
      },
      {
        "text": " ",
        "userDefined": false
      },
      {
        "text": "😆 😋",
        "alias": "voting",
        "meta": "@voting",
        "userDefined": false
      },
      {
        "text": " ",
        "userDefined": false
      },
      {
        "text": "🍺",
        "alias": "voting",
        "meta": "@voting",
        "userDefined": false
      }
    ],
    "isTemplate": false,
    "count": 0,
    "updated": 1530752091
  },
  {
    "id": "db3a8f95-fe8c-42e0-bcb4-2b3879384f2b",
    "data": [
      {
        "text": "I ",
        "userDefined": false
      },
      {
        "text": "deteste",
        "alias": "voting",
        "meta": "@voting",
        "userDefined": true
      },
      {
        "text": " this movie",
        "userDefined": false
      }
    ],
    "isTemplate": false,
    "count": 0,
    "updated": 1530752091
  },
  {
    "id": "715bc30c-da95-49ea-a2ec-27139dd2dbe9",
    "data": [
      {
        "text": "aye",
        "alias": "voting",
        "meta": "@voting",
        "userDefined": false
      },
      {
        "text": ", I\u0027d consider watching that, ",
        "userDefined": false
      },
      {
        "text": "sure",
        "alias": "voting",
        "meta": "@voting",
        "userDefined": true
      }
    ],
    "isTemplate": false,
    "count": 0,
    "updated": 1530752091
  },
  {
    "id": "55549941-e31e-45df-b19c-453514b0996d",
    "data": [
      {
        "text": "Surely you are ",
        "userDefined": false
      },
      {
        "text": "kidding",
        "alias": "voting",
        "meta": "@voting",
        "userDefined": true
      },
      {
        "text": " me on?",
        "userDefined": false
      }
    ],
    "isTemplate": false,
    "count": 0,
    "updated": 1530752091
  }
]