[
  {
    "id": "8d188a89-a68d-4d3b-b136-972923dec3f2",
    "data": [
      {
        "text": "welcome",
        "userDefined": false
      }
    ],
    "isTemplate": false,
    "count": 0,
    "updated": 1530754299
  },
  {
    "id": "af626820-394f-4d9f-b572-f84b2ef5061e",
    "data": [
      {
        "text": "talk to vote goat",
        "userDefined": false
      }
    ],
    "isTemplate": false,
    "count": 0,
    "updated": 1530754299
  },
  {
    "id": "c1e4a384-91b5-484d-abc4-d66c6585de40",
    "data": [
      {
        "text": "back to the main menu",
        "userDefined": false
      }
    ],
    "isTemplate": false,
    "count": 0,
    "updated": 1530754299
  },
  {
    "id": "aa1c1cc6-ee0f-484f-921f-5107b6b7e073",
    "data": [
      {
        "text": "🚪 Back",
        "userDefined": false
      }
    ],
    "isTemplate": false,
    "count": 0,
    "updated": 1530754299
  }
]