[
  {
    "id": "15c263f5-60ec-4675-a284-d569f0328b64",
    "data": [
      {
        "text": "stream this film online",
        "userDefined": false
      }
    ],
    "isTemplate": false,
    "count": 0,
    "updated": 1530754367
  },
  {
    "id": "e667e4f5-40d2-4bc8-949a-ee9b5de28104",
    "data": [
      {
        "text": "film availability online",
        "userDefined": false
      }
    ],
    "isTemplate": false,
    "count": 0,
    "updated": 1530754367
  },
  {
    "id": "eeb8346c-4275-4eeb-b01b-91f8f63ec785",
    "data": [
      {
        "text": "where to watch this film online",
        "userDefined": false
      }
    ],
    "isTemplate": false,
    "count": 0,
    "updated": 1530754367
  },
  {
    "id": "78c833e3-5dc6-422a-b12a-3ec207a3429b",
    "data": [
      {
        "text": "show me where to watch this",
        "userDefined": false
      }
    ],
    "isTemplate": false,
    "count": 0,
    "updated": 1530754367
  },
  {
    "id": "43c543ce-4f96-462b-8b2e-86dc4d2138ef",
    "data": [
      {
        "text": "Search where I can watch this",
        "userDefined": false
      }
    ],
    "isTemplate": false,
    "count": 0,
    "updated": 1530754367
  },
  {
    "id": "fe4a7c68-0d2f-4a10-a547-fb65086f03d9",
    "data": [
      {
        "text": "Create a list of outbound movie search links",
        "userDefined": false
      }
    ],
    "isTemplate": false,
    "count": 0,
    "updated": 1530754367
  },
  {
    "id": "3e99f2b2-fa0b-4468-bee6-bf1769152104",
    "data": [
      {
        "text": "Can I watch this on netflix?",
        "userDefined": false
      }
    ],
    "isTemplate": false,
    "count": 0,
    "updated": 1530754367
  },
  {
    "id": "d2863b73-4458-407c-b35f-15a0b8ab2c01",
    "data": [
      {
        "text": "Where can I get this movie?",
        "userDefined": false
      }
    ],
    "isTemplate": false,
    "count": 0,
    "updated": 1530754367
  },
  {
    "id": "89030858-4440-4b62-821f-1d7d467c8f6a",
    "data": [
      {
        "text": "🍿 Watch movie online",
        "userDefined": false
      }
    ],
    "isTemplate": false,
    "count": 0,
    "updated": 1530754367
  },
  {
    "id": "38d160b3-c875-4501-87a7-7ca44cf0745b",
    "data": [
      {
        "text": "Where to watch this film?",
        "userDefined": false
      }
    ],
    "isTemplate": false,
    "count": 0,
    "updated": 1530754367
  },
  {
    "id": "e9949d71-4ed4-41a1-8ac4-f6deeb90deef",
    "data": [
      {
        "text": "Does amazon prime have this movie?",
        "userDefined": false
      }
    ],
    "isTemplate": false,
    "count": 0,
    "updated": 1530754367
  },
  {
    "id": "cb06dd07-07c8-4a28-9ed9-86c5271c3ea8",
    "data": [
      {
        "text": "Can I rent this movie?",
        "userDefined": false
      }
    ],
    "isTemplate": false,
    "count": 0,
    "updated": 1530754367
  },
  {
    "id": "cc431f48-8c05-4fd7-a2e2-afb4bf4b8bba",
    "data": [
      {
        "text": "Show me what IPTV has this movie available",
        "userDefined": false
      }
    ],
    "isTemplate": false,
    "count": 0,
    "updated": 1530754367
  },
  {
    "id": "2aefa560-f4a3-4af3-a72a-8837f46e5934",
    "data": [
      {
        "text": "Where to watch?",
        "userDefined": false
      }
    ],
    "isTemplate": false,
    "count": 0,
    "updated": 1530754367
  },
  {
    "id": "dc455198-a4ce-4f3d-a0f0-f8c1fcf2ff09",
    "data": [
      {
        "text": "Where can I stream this movie?",
        "userDefined": false
      }
    ],
    "isTemplate": false,
    "count": 0,
    "updated": 1530754367
  },
  {
    "id": "26fe4313-1b72-4406-ac4d-68eaa565f82c",
    "data": [
      {
        "text": "Where can I watch this movie?",
        "userDefined": false
      }
    ],
    "isTemplate": false,
    "count": 0,
    "updated": 1530754367
  },
  {
    "id": "de78dc57-2baa-469a-ae6c-5ca99e66660a",
    "data": [
      {
        "text": "Can I buy this movie?",
        "userDefined": false
      }
    ],
    "isTemplate": false,
    "count": 0,
    "updated": 1530754367
  }
]