[
  {
    "value": "downvote",
    "synonyms": [
      "downvote",
      "hate",
      "dislike",
      "0",
      "nixy",
      "never",
      "nah",
      "nay",
      "nixey",
      "👎",
      "Thumbs Down",
      "nix",
      "don\u0027t like",
      "deteste",
      "despise",
      "nope",
      "not much",
      "uh-uh",
      "not in a million years",
      "are you kidding",
      "are you joking",
      "are you having a laugh",
      "when pigs fly",
      "wouldn\u0027t",
      "↘️",
      "⤵️",
      "👇",
      "🔻",
      "📉",
      "⏬",
      "😡",
      "😠",
      "👿",
      "💢",
      "😞",
      "😔",
      "😣",
      "😫",
      "😩",
      "😢",
      "😭",
      "😿",
      "🙅",
      "❎",
      "😠",
      "🙁",
      "😦",
      "no idea",
      "don\u0027t want",
      "do not want",
      "I don\u0027t know",
      "I\u0027m unsure",
      "doubtful",
      "I doubt it",
      "not likely",
      "unlikely",
      "false",
      "swipe left",
      "terrible",
      "horrible",
      "worst",
      "rubbish",
      "naff",
      "garbage",
      "trash",
      "waste",
      "pants",
      "pish",
      "crap",
      "shit",
      "awful",
      "shite",
      "no",
      "uninterested",
      "unconvinced",
      "not convinced",
      "not bothered",
      "not interested"
    ]
  },
  {
    "value": "upvote",
    "synonyms": [
      "upvote",
      "maybe",
      "perhaps",
      "yes",
      "of course",
      "aye",
      "okay",
      "Thumbs Up Sign",
      "certainly",
      "amen",
      "undoubtedly",
      "sure thing",
      "most assuredly",
      "I don\u0027t think so",
      "indubitably",
      "granted",
      "perfect",
      "unquestionably",
      "good enough",
      "gladly",
      "by all means",
      "definitley",
      "very well",
      "positively",
      "beyond a doubt",
      "willingly",
      "surely",
      "true",
      "affirmative",
      "good",
      "ya",
      "vote up",
      "upboat",
      "👍",
      "all right",
      "of course",
      "no doubt",
      "without a doubt",
      "always",
      "would watch",
      "✔️",
      "☑️",
      "😄",
      "😍",
      "😀",
      "😁",
      "😄",
      "😊",
      "🙂",
      "🙃",
      "😜",
      "😃",
      "😏",
      "😸",
      "😺",
      "😂",
      "😆",
      "😋",
      "🔼",
      "⏫",
      "↖️",
      "⤴️",
      "↗️",
      "👏",
      "🍺",
      "🍻",
      "🎉",
      "🎊",
      "🆙",
      "☝️",
      "🔺",
      "📈",
      "hate that I like",
      "enjoy",
      "wouldn\u0027t mind",
      "I\u0027m interested",
      "sure",
      "why not?",
      "I guess",
      "feasibly",
      "feasible",
      "most assuredly",
      "naturally",
      "alright",
      "yeah",
      "true",
      "swipe right",
      "absolutely",
      "easily",
      "naturally",
      "sound",
      "I like",
      "brilliant",
      "excellent",
      "epic",
      "best",
      "love",
      "couldn\u0027t hurt",
      "wouldn\u0027t hurt",
      "1"
    ]
  },
  {
    "value": "like",
    "synonyms": [
      "like"
    ]
  },
  {
    "value": "in a million years",
    "synonyms": [
      "in a million years"
    ]
  },
  {
    "value": "I\u0027d watch",
    "synonyms": [
      "I\u0027d watch"
    ]
  },
  {
    "value": "don\u0027t",
    "synonyms": [
      "don\u0027t"
    ]
  },
  {
    "value": "course",
    "synonyms": [
      "course"
    ]
  },
  {
    "value": "I would",
    "synonyms": [
      "I would"
    ]
  },
  {
    "value": "joking",
    "synonyms": [
      "joking"
    ]
  },
  {
    "value": "I would watch",
    "synonyms": [
      "I would watch"
    ]
  },
  {
    "value": "would",
    "synonyms": [
      "would"
    ]
  },
  {
    "value": "having a laugh",
    "synonyms": [
      "having a laugh"
    ]
  },
  {
    "value": "I\u0027d never",
    "synonyms": [
      "I\u0027d never"
    ]
  },
  {
    "value": "Pigs will fly",
    "synonyms": [
      "Pigs will fly"
    ]
  },
  {
    "value": "kidding",
    "synonyms": [
      "kidding"
    ]
  }
]